Fit Score,Business Name,Website,Address,Phone,Description,Verified Laundromat Near College,Owner / Decision-Maker Name,Owner Email,Raw Data
89,Wash2Dry Laundry,https://wash2dryfw.com/,"2715 Ellis Ave, Fort Worth, Texas, 76164","=""+16822242719""","Coin-operated laundromat offering drop-off service and money transfers, plus check cashing.",true,,Wash2DryFW@gmail.com,"{""id"":""d161f3bc-aa98-4e60-af98-f2604481ffc9"",""cursor"":[539.2059,""d161f3bc-aa98-4e60-af98-f2604481ffc9""],""content"":{""city"":""Fort Worth"",""tags"":[""laundry service"",""laundromat""],""state"":""Texas"",""staffs"":null,""country"":""US"",""zipcode"":""76164"",""brand_id"":""93f90468-bd6d-41de-aaa2-a8174bfef563"",""latitude"":32.7942861,""store_id"":""d161f3bc-aa98-4e60-af98-f2604481ffc9"",""longitude"":-97.3505911,""open_date"":null,""place_key"":""@2715.ELLIS.@76164.NORTH_SIDE.FORT_WORTH.TEXAS@@8a26cbda4ca7fff"",""source_id"":""GOOGLE_MAP@ChIJmXt0aqB2ToYRF7xrbZ9lIyo"",""num_stores"":1,""price_tier"":null,""store_name"":""Wash2Dry Laundry"",""root_domain"":""wash2dryfw.com"",""website_url"":""https://wash2dryfw.com/"",""yelp_rating"":null,""from_sources"":{""GOOGLE_MAP"":{""id"":""ChIJmXt0aqB2ToYRF7xrbZ9lIyo"",""ref_url"":""https://www.google.com/maps/place/?q=place_id:ChIJmXt0aqB2ToYRF7xrbZ9lIyo"",""raw_associated_website"":""https://wash2dryfw.com/""}},""store_emails"":null,""store_phones"":[""+16822242719""],""business_name"":""Wash2Dry Laundromat"",""business_type"":""Laundromat"",""google_rating"":4.6,""ownership_type"":""INDEPENDENT"",""street_address"":""2715 Ellis Ave"",""business_emails"":[""Wash2DryFW@gmail.com""],""business_phones"":[""+16822242719""],""order_platforms"":[{""id"":""2325fe0f-2e89-40b1-83e4-c9d197ebd9f2"",""platform_name"":""wash2dryfw.com"",""platform_ident"":""wash2dryfw.com"",""store_source_id"":""GOOGLE_MAP@ChIJmXt0aqB2ToYRF7xrbZ9lIyo"",""order_platform_link"":""https://wash2dryfw.com/book""}],""brand_description"":""Wash2Dry Laundromat is a spacious laundromat in Fort Worth offering various laundry services including self-service, wash and fold, and pickup and drop-off options."",""business_keywords"":[""laundry"",""wash and fold"",""pickup service"",""coin operated machines"",""Fort Worth""],""info_refreshed_at"":""2026-07-05T08:37:38.238232Z"",""store_description"":""Coin-operated laundromat offering drop-off service and money transfers, plus check cashing."",""business_specialty"":""Pickup and drop-off laundry services"",""social_media_links"":{""X"":null,""TIKTOK"":[""https://www.tiktok.com/@wash2dryfw""],""TWITTER"":null,""YOUTUBE"":[""https://www.youtube.com/@Wash2DryLaundromatFW""],""FACEBOOK"":[""https://www.facebook.com/Wash2DryFW/""],""LINKEDIN"":null,""INSTAGRAM"":[""https://www.instagram.com/wash2dryfw/""],""PINTEREST"":null},""yelp_reviews_count"":null,""business_categories"":[""GROCERY_CONVENIENCE_STORES""],""google_reviews_count"":164,""product_services_offered"":[""pickup and drop off laundry services"",""wash and fold"",""coin operated machines"",""self service laundry"",""free Wi-Fi"",""arcade games""]},""match_score"":539.2059,""match_highlights"":[""laundry service"",""laundromat""]}"
89,Laundry Nook,https://laundrynook.com/,"350 Northridge Rd, Atlanta, Georgia, 30350","=""+14047956665""","Laundry Nook is a family-owned laundromat located in Sandy Springs, offering both drop-off wash and fold services as well as self-service coin laundry options.",true,,info@laundrynook.com,"{""id"":""e0a288bb-6c4e-48c7-baf0-795a1a44b922"",""cursor"":[526.68585,""e0a288bb-6c4e-48c7-baf0-795a1a44b922""],""content"":{""city"":""Atlanta"",""tags"":[""laundromat""],""state"":""Georgia"",""staffs"":null,""country"":""US"",""zipcode"":""30350"",""brand_id"":""019ef198-9525-40b4-be68-20ca97f9b550"",""latitude"":33.982178499999996,""store_id"":""e0a288bb-6c4e-48c7-baf0-795a1a44b922"",""longitude"":-84.3475784,""open_date"":null,""place_key"":""@350.NORTHRIDGE.@30350..ATLANTA.GEORGIA@@8a44c122539ffff"",""source_id"":""GOOGLE_MAP@ChIJo2_hIHkL9YgR3KBDyGVPUCU"",""num_stores"":1,""price_tier"":null,""store_name"":""Laundry Nook"",""root_domain"":""laundrynook.com"",""website_url"":""https://laundrynook.com/"",""yelp_rating"":null,""from_sources"":{""GOOGLE_MAP"":{""id"":""ChIJo2_hIHkL9YgR3KBDyGVPUCU"",""ref_url"":""https://www.google.com/maps/place/?q=place_id:ChIJo2_hIHkL9YgR3KBDyGVPUCU"",""raw_associated_website"":""https://laundrynook.com/""}},""store_emails"":null,""store_phones"":[""+14047956665""],""business_name"":""Laundry Nook"",""business_type"":""Laundromat"",""google_rating"":4.4,""ownership_type"":""FAMILY"",""street_address"":""350 Northridge Rd"",""business_emails"":[""info@laundrynook.com""],""business_phones"":[""+14047956665""],""order_platforms"":[{""id"":""21e116dd-42b7-47a2-9a33-e0faa0c1da4e"",""platform_name"":""cleancloudapp.com"",""platform_ident"":""cleancloudapp.com"",""store_source_id"":""GOOGLE_MAP@ChIJo2_hIHkL9YgR3KBDyGVPUCU"",""order_platform_link"":""https://cleancloudapp.com/s3/23889""}],""brand_description"":""Laundry Nook is a family-owned laundromat located in Sandy Springs, offering both drop-off wash and fold services as well as self-service coin laundry options."",""business_keywords"":[""laundromat"",""wash and fold"",""coin laundry"",""pickup and delivery"",""self-service""],""info_refreshed_at"":""2026-07-05T08:35:10.36551Z"",""store_description"":null,""business_specialty"":""Family-owned with Drop-off Wash & Fold service"",""social_media_links"":{""X"":null,""TIKTOK"":null,""TWITTER"":[""https://twitter.com/thelaundrynook""],""YOUTUBE"":null,""FACEBOOK"":[""https://www.facebook.com/thelaundrynook""],""LINKEDIN"":null,""INSTAGRAM"":[""https://www.instagram.com/thelaundrynook""],""PINTEREST"":null},""yelp_reviews_count"":null,""business_categories"":[""GROCERY_CONVENIENCE_STORES""],""google_reviews_count"":183,""product_services_offered"":[""Drop-off Wash & Fold service"",""self-service coin laundry"",""pickup and delivery""]},""match_score"":526.68585,""match_highlights"":[""laundromat""]}"
100,Laundramagic Coin Laundromat,https://www.launcoin.com/,"5520 Normandy Blvd, Jacksonville, Florida, 32205","=""+19047830082""",Laundry service offering drop-off options for clothing washing.,true,Chris,null,"{""id"":""51cc3b80-4822-47fe-9d4a-b732a9a1cd4e"",""cursor"":[487.84088,""51cc3b80-4822-47fe-9d4a-b732a9a1cd4e""],""content"":{""city"":""Jacksonville"",""tags"":[""laundromat"",""laundry"",""laundry service""],""state"":""Florida"",""staffs"":null,""country"":""US"",""zipcode"":""32205"",""brand_id"":""11219ec9-c899-4e86-9930-8fae86837c4a"",""latitude"":30.3083688,""store_id"":""51cc3b80-4822-47fe-9d4a-b732a9a1cd4e"",""longitude"":-81.7422818,""open_date"":null,""place_key"":""@5520.NORMANDY.@32205.HILLCREST.JACKSONVILLE.FLORIDA@@8a44f00a8ca7fff"",""source_id"":""GOOGLE_MAP@ChIJ-6Lpbvy45YgR4mdayk1g-Co"",""num_stores"":1,""price_tier"":null,""store_name"":""Laundramagic Coin Laundromat"",""root_domain"":""launcoin.com"",""website_url"":""https://www.launcoin.com/"",""yelp_rating"":null,""from_sources"":{""GOOGLE_MAP"":{""id"":""ChIJ-6Lpbvy45YgR4mdayk1g-Co"",""ref_url"":""https://www.google.com/maps/place/?q=place_id:ChIJ-6Lpbvy45YgR4mdayk1g-Co"",""raw_associated_website"":""http://www.launcoin.com/""}},""store_emails"":null,""store_phones"":[""+19047830082""],""business_name"":""Laundramagic"",""business_type"":""Laundromat"",""google_rating"":4.6,""ownership_type"":""INDEPENDENT"",""street_address"":""5520 Normandy Blvd"",""business_emails"":null,""business_phones"":[""+19047830082""],""order_platforms"":null,""brand_description"":""Laundramagic is a laundromat in Jacksonville offering self-service and drop-off laundry services with affordable pricing and a user-friendly facility."",""business_keywords"":[""laundromat"",""self-service"",""drop-off laundry"",""wash dry fold"",""coin-operated"",""affordable washers""],""info_refreshed_at"":""2026-07-05T08:26:22.782453Z"",""store_description"":""Laundry service offering drop-off options for clothing washing."",""business_specialty"":""Affordable self-service and drop-off laundry services"",""social_media_links"":{""X"":null,""TIKTOK"":null,""TWITTER"":null,""YOUTUBE"":null,""FACEBOOK"":null,""LINKEDIN"":null,""INSTAGRAM"":null,""PINTEREST"":null},""yelp_reviews_count"":null,""business_categories"":[""GROCERY_CONVENIENCE_STORES""],""google_reviews_count"":264,""product_services_offered"":[""Self-service laundry"",""Drop-off laundry service"",""Wash, dry, and fold service"",""Coin-operated machines"",""Comfortable waiting area"",""Free Wi-Fi""]},""match_score"":487.84088,""match_highlights"":[""laundromat"",""laundry"",""laundry service""]}"
89,Steel Drum Laundry I,https://www.steeldrumlaundry.com/,"311 W Hopkins St, San Marcos, Texas, 78666","=""+15126430989""","Clean laundromat with front-loading machines and dryers, plus vending, detergent, and WiFi.",true,,info@steeldrumlaundry.com,"{""id"":""cdfaba2b-9b2f-48ef-a33b-729d4ebf9dec"",""cursor"":[469.07166,""cdfaba2b-9b2f-48ef-a33b-729d4ebf9dec""],""content"":{""city"":""San Marcos"",""tags"":[""laundromat""],""state"":""Texas"",""staffs"":null,""country"":""US"",""zipcode"":""78666"",""brand_id"":""7fb288b7-6f84-46ae-bac1-3c2a0d42d081"",""latitude"":29.8823418,""store_id"":""cdfaba2b-9b2f-48ef-a33b-729d4ebf9dec"",""longitude"":-97.94442839999999,""open_date"":null,""place_key"":""@311.HOPKINS.@78666..SAN_MARCOS.TEXAS@@8a489eb55037fff"",""source_id"":""GOOGLE_MAP@ChIJk9Trv2WoXIYR-gWcZIIEPvo"",""num_stores"":3,""price_tier"":null,""store_name"":""Steel Drum Laundry I"",""root_domain"":""steeldrumlaundry.com"",""website_url"":""https://www.steeldrumlaundry.com/"",""yelp_rating"":null,""from_sources"":{""GOOGLE_MAP"":{""id"":""ChIJk9Trv2WoXIYR-gWcZIIEPvo"",""ref_url"":""https://www.google.com/maps/place/?q=place_id:ChIJk9Trv2WoXIYR-gWcZIIEPvo"",""raw_associated_website"":""http://steeldrumlaundry.com/""}},""store_emails"":null,""store_phones"":[""+15126430989""],""business_name"":""Steel Drum Laundry"",""business_type"":""Laundromat"",""google_rating"":3.4,""ownership_type"":""INDEPENDENT"",""street_address"":""311 W Hopkins St"",""business_emails"":[""info@steeldrumlaundry.com""],""business_phones"":[""+15126430989""],""order_platforms"":null,""brand_description"":""Steel Drum Laundry offers a range of laundry services including pickup and delivery, wash and fold, and self-service options at two locations in San Marcos, Texas."",""business_keywords"":[""laundry"",""pickup"",""delivery"",""wash and fold"",""self-service"",""commercial laundry""],""info_refreshed_at"":""2026-07-05T08:33:05.596167Z"",""store_description"":""Clean laundromat with front-loading machines and dryers, plus vending, detergent, and WiFi."",""business_specialty"":""Pickup & delivery, drop off wash & fold, self-service laundry"",""social_media_links"":{""X"":null,""TIKTOK"":null,""TWITTER"":null,""YOUTUBE"":null,""FACEBOOK"":[""https://facebook.com/SteelDrum""],""LINKEDIN"":null,""INSTAGRAM"":[""https://instagram.com/streeldrumlaundry""],""PINTEREST"":null},""yelp_reviews_count"":null,""business_categories"":[""GROCERY_CONVENIENCE_STORES""],""google_reviews_count"":94,""product_services_offered"":[""Pickup & Delivery"",""Drop Off Wash & Fold"",""Self-Service Laundry"",""Commercial Laundry Services""]},""match_score"":469.07166,""match_highlights"":[""laundromat""]}"
100,The Laundry Room,http://thelaundryroomclt.com/,"901 E Arrowood Rd, Charlotte, North Carolina, 28217","=""+19802379570""","The Laundry Room is a top-rated laundromat in Charlotte, NC, offering self-service laundry, drop off wash dry fold, commercial laundry services, pickup & delivery, and flip service. The facility is clean, modern, and fully stocked with high-quality machines. Customers can enjoy amenities such as free WiFi, family play areas, and state-of-the-art equipment. The Laundry Room provides a convenient and efficient laundry experience for individuals and businesses.",true,Turner Eckstrom,info@thelaundryroomclt.com,"{""id"":""80299819-b08d-414f-af4a-90f0818ef43b"",""cursor"":[454.65488,""80299819-b08d-414f-af4a-90f0818ef43b""],""content"":{""city"":""Charlotte"",""tags"":[""laundromat""],""state"":""North Carolina"",""staffs"":[{""name"":""Turner Eckstrom"",""role"":""Owner & General Manager"",""source_urls"":[""http://thelaundryroomclt.com/""]}],""country"":""US"",""zipcode"":""28217"",""brand_id"":""9882cdf1-109d-4080-9500-3fb38b362c97"",""latitude"":35.138168799999995,""store_id"":""80299819-b08d-414f-af4a-90f0818ef43b"",""longitude"":-80.8773884,""open_date"":null,""place_key"":""@901.ARROWOOD.@28217.MONTCLAIRE_SOUTH.CHARLOTTE.NORTH_CAROLINA@@8a44d84f0577fff"",""source_id"":""GOOGLE_MAP@ChIJa6dMwqGeVogRiJuwifJhzUg"",""num_stores"":1,""price_tier"":null,""store_name"":""The Laundry Room"",""root_domain"":""thelaundryroomclt.com"",""website_url"":""http://thelaundryroomclt.com/"",""yelp_rating"":null,""from_sources"":{""GOOGLE_MAP"":{""id"":""ChIJa6dMwqGeVogRiJuwifJhzUg"",""ref_url"":""https://www.google.com/maps/place/?q=place_id:ChIJa6dMwqGeVogRiJuwifJhzUg"",""raw_associated_website"":""https://www.thelaundryroomclt.com/""}},""store_emails"":null,""store_phones"":[""+19802379570""],""business_name"":""The Laundry Room"",""business_type"":""Laundromat"",""google_rating"":4.5,""ownership_type"":"""",""street_address"":""901 E Arrowood Rd"",""business_emails"":[""info@thelaundryroomclt.com""],""business_phones"":[""+19802379570""],""order_platforms"":null,""brand_description"":""The Laundry Room is a top-rated laundromat in Charlotte, NC, offering self-service laundry, drop off wash dry fold, commercial laundry services, pickup & delivery, and flip service. The facility is clean, modern, and fully stocked with high-quality machines. Customers can enjoy amenities such as free WiFi, family play areas, and state-of-the-art equipment. The Laundry Room provides a convenient and efficient laundry experience for individuals and businesses."",""business_keywords"":[""laundromat"",""self service"",""drop off wash dry fold"",""commercial laundry"",""pickup & delivery"",""flip service""],""info_refreshed_at"":""2026-07-05T08:34:34.465498Z"",""store_description"":null,""business_specialty"":""Self Service, Drop Off Wash Dry Fold, Commercial, Pickup & Delivery, Flip Service"",""social_media_links"":{""X"":null,""TIKTOK"":null,""TWITTER"":null,""YOUTUBE"":null,""FACEBOOK"":[""https://www.facebook.com/thelaundryroomclt""],""LINKEDIN"":null,""INSTAGRAM"":[""https://instagram.com/thelaundryroomclt"",""https://www.instagram.com/2ulaundry/""],""PINTEREST"":null},""yelp_reviews_count"":null,""business_categories"":[""SHOPPING_RETAIL""],""google_reviews_count"":448,""product_services_offered"":[""Self Service Laundry"",""Drop Off Wash Dry Fold"",""Commercial Laundry Services"",""Pickup & Delivery Laundry"",""Flip Service Laundry""]},""match_score"":454.65488,""match_highlights"":[""laundromat""]}"
100,Spin It Up Laundromat Little River,https://spinituplaundry.com/,"82 NW 79th St, Miami, Florida, 33150","=""+17863914392""","Spin It Up Laundromat offers a variety of laundry services including self-service, drop-off, and wash-and-fold, with a focus on customer satisfaction.",true,Eladio Castellano,info@spinituplaundry.com,"{""id"":""675b9934-9d1c-4d6c-a1a4-82f3031b3ed5"",""cursor"":[438.25623,""675b9934-9d1c-4d6c-a1a4-82f3031b3ed5""],""content"":{""city"":""Miami"",""tags"":[""laundromat"",""dry cleaner"",""laundry"",""laundry service""],""state"":""Florida"",""staffs"":null,""country"":""US"",""zipcode"":""33150"",""brand_id"":""4f54a1b4-e1e0-47d1-950e-823e1cf5e00f"",""latitude"":25.8472474,""store_id"":""675b9934-9d1c-4d6c-a1a4-82f3031b3ed5"",""longitude"":-80.19868989999999,""open_date"":null,""place_key"":""@82.79TH.@33150.LITTLE_RIVER.MIAMI.FLORIDA@@8a44a11542f7fff"",""source_id"":""GOOGLE_MAP@ChIJJzJ6Ynex2YgRkN9eVbdwgBg"",""num_stores"":1,""price_tier"":null,""store_name"":""Spin It Up Laundromat Little River"",""root_domain"":""spinituplaundry.com"",""website_url"":""https://spinituplaundry.com/"",""yelp_rating"":null,""from_sources"":{""GOOGLE_MAP"":{""id"":""ChIJJzJ6Ynex2YgRkN9eVbdwgBg"",""ref_url"":""https://www.google.com/maps/place/?q=place_id:ChIJJzJ6Ynex2YgRkN9eVbdwgBg"",""raw_associated_website"":""http://www.spinituplaundry.com/""}},""store_emails"":null,""store_phones"":[""+17863914392""],""business_name"":""Spin It Up Laundromat"",""business_type"":""Laundromat"",""google_rating"":4.3,""ownership_type"":""INDEPENDENT"",""street_address"":""82 NW 79th St"",""business_emails"":[""info@spinituplaundry.com""],""business_phones"":null,""order_platforms"":null,""brand_description"":""Spin It Up Laundromat offers a variety of laundry services including self-service, drop-off, and wash-and-fold, with a focus on customer satisfaction."",""business_keywords"":[""coin laundry"",""self-service"",""drop-off services"",""wash-and-fold""],""info_refreshed_at"":""2026-07-05T08:33:01.273679Z"",""store_description"":null,""business_specialty"":""State-of-the-art machines and friendly staff"",""social_media_links"":{""X"":null,""TIKTOK"":null,""TWITTER"":null,""YOUTUBE"":null,""FACEBOOK"":null,""LINKEDIN"":null,""INSTAGRAM"":[""https://www.instagram.com/spinituplaundromat""],""PINTEREST"":null},""yelp_reviews_count"":null,""business_categories"":[""GROCERY_CONVENIENCE_STORES""],""google_reviews_count"":49,""product_services_offered"":[""self-service machines"",""drop-off services"",""wash-and-fold services""]},""match_score"":438.25623,""match_highlights"":[""laundry"",""laundromat"",""laundry service""]}"
89,360 Wash-N-Dry,https://www.360wash-n-dry.com/,"2800 Forestwood Dr Ste 104, Arlington, Texas, 76006","=""+18176172273""","Clean laundry facility featuring free dryers, friendly staff and wash-and-fold service.",true,Nikki Gorla,,"{""id"":""8e8481ac-1c63-45b2-8f97-bc70c0e07210"",""cursor"":[424.60864,""8e8481ac-1c63-45b2-8f97-bc70c0e07210""],""content"":{""city"":""Arlington"",""tags"":[""laundromat"",""dry cleaner""],""state"":""Texas"",""staffs"":null,""country"":""US"",""zipcode"":""76006"",""brand_id"":""47c2ee92-b05f-4910-bd50-e5d6823bafcf"",""latitude"":32.7852361,""store_id"":""8e8481ac-1c63-45b2-8f97-bc70c0e07210"",""longitude"":-97.0657177,""open_date"":null,""place_key"":""104@2800.FORESTWOOD.@76006.NORTH_ARLINGTON.ARLINGTON.TEXAS@@8a26c86dea0ffff"",""source_id"":""GOOGLE_MAP@ChIJ4cYzBgGHToYR-JJzEPLXe2M"",""num_stores"":1,""price_tier"":null,""store_name"":""360 Wash-N-Dry"",""root_domain"":""360wash-n-dry.com"",""website_url"":""https://www.360wash-n-dry.com/"",""yelp_rating"":null,""from_sources"":{""GOOGLE_MAP"":{""id"":""ChIJ4cYzBgGHToYR-JJzEPLXe2M"",""ref_url"":""https://www.google.com/maps/place/?q=place_id:ChIJ4cYzBgGHToYR-JJzEPLXe2M"",""raw_associated_website"":""http://www.360wash-n-dry.com/""}},""store_emails"":null,""store_phones"":[""+18176172273""],""business_name"":""360 Wash-N-Dry"",""business_type"":""Laundromat"",""google_rating"":4.6,""ownership_type"":""INDEPENDENT"",""street_address"":""2800 Forestwood Dr Ste 104"",""business_emails"":null,""business_phones"":[""+18176172273""],""order_platforms"":[{""id"":""f1e49fd6-cccf-4a2c-9963-cd7a9327062c"",""platform_name"":""trycents.com"",""platform_ident"":""trycents.com"",""store_source_id"":""GOOGLE_MAP@ChIJ4cYzBgGHToYR-JJzEPLXe2M"",""order_platform_link"":""https://app.trycents.com/new-order/OHR2/home?hl=en-EC&gei=RtwLZ5aCGpiBkvQPjqPhkQw&rwg_token=AJKvS9W2GAlhY5VpHAN1vpzxNGJAINVNXYqW-LIixFSlq2Qgrlbvsr3tfTH3oDXgQeSIYt2bnaC9cW45CZB5c1xRM_r-XnD0Cw%3D%3D""}],""brand_description"":""360 Wash-N-Dry is a fully attended laundromat in Arlington, TX, offering a range of laundry services including pickup and delivery, wash and fold, and dry cleaning."",""business_keywords"":[""laundry"",""pickup and delivery"",""wash and fold"",""dry cleaning"",""commercial laundry""],""info_refreshed_at"":""2026-07-05T08:37:38.237711Z"",""store_description"":""Clean laundry facility featuring free dryers, friendly staff and wash-and-fold service."",""business_specialty"":""Pickup & delivery laundry service"",""social_media_links"":{""X"":null,""TIKTOK"":null,""TWITTER"":null,""YOUTUBE"":null,""FACEBOOK"":null,""LINKEDIN"":null,""INSTAGRAM"":[""https://www.instagram.com/360washndry/""],""PINTEREST"":null},""yelp_reviews_count"":null,""business_categories"":[""GROCERY_CONVENIENCE_STORES"",""HEALTH_WELLNESS""],""google_reviews_count"":453,""product_services_offered"":[""Self Service Laundry"",""Drop-Off Wash & Fold"",""Commercial Laundry"",""Pickup & Delivery"",""Dry Cleaning""]},""match_score"":424.60864,""match_highlights"":[""laundromat""]}"
85,Clean Vibes Laundry Company,https://cleanvibeslaundry.com/,"1613 E M.L.K. Jr Blvd, Tampa, Florida, 33610","=""+18135632530""","Recently remodeled laundromat offering self-service and wash, dry, and fold options, with 24/7 security cameras.",,Erik Sewell,hello@cleanvibeslaundry.com,"{""id"":""406240ee-4e41-46c5-ad7b-c1ded92af31b"",""cursor"":[418.53012,""406240ee-4e41-46c5-ad7b-c1ded92af31b""],""content"":{""city"":""Tampa"",""tags"":[""laundromat"",""laundry"",""laundry service""],""state"":""Florida"",""staffs"":[{""name"":""Erik Sewell"",""role"":""Owner"",""source_urls"":[""https://cleanvibeslaundry.com/about-us""]},{""name"":""Jamie Sewell"",""role"":""Owner"",""source_urls"":null}],""country"":""US"",""zipcode"":""33610"",""brand_id"":""8a83721c-eedd-461c-b567-42fdcc2b19f4"",""latitude"":27.9811344,""store_id"":""406240ee-4e41-46c5-ad7b-c1ded92af31b"",""longitude"":-82.4403533,""open_date"":null,""place_key"":""@1613.M.L.K._JR.@33610.YBOR_CITY.TAMPA.FLORIDA@@8a441a130997fff"",""source_id"":""GOOGLE_MAP@ChIJyVwq2DDEwogRfNevG6I68Dc"",""num_stores"":1,""price_tier"":null,""store_name"":""Clean Vibes Laundry Company"",""root_domain"":""cleanvibeslaundry.com"",""website_url"":""https://cleanvibeslaundry.com/"",""yelp_rating"":null,""from_sources"":{""GOOGLE_MAP"":{""id"":""ChIJyVwq2DDEwogRfNevG6I68Dc"",""ref_url"":""https://www.google.com/maps/place/?q=place_id:ChIJyVwq2DDEwogRfNevG6I68Dc"",""raw_associated_website"":""https://cleanvibeslaundry.com/?utm_source=google""}},""store_emails"":null,""store_phones"":[""+18135632530""],""business_name"":""Clean Vibes Laundry Company"",""business_type"":""Laundromat"",""google_rating"":4.8,""ownership_type"":""INDEPENDENT"",""street_address"":""1613 E M.L.K. Jr Blvd"",""business_emails"":[""hello@cleanvibeslaundry.com""],""business_phones"":[""+18135632530""],""order_platforms"":null,""brand_description"":""Clean Vibes Laundry Company offers a range of laundry services including self-service, wash dry fold, and commercial laundry, utilizing high-efficiency machines in a clean and friendly environment."",""business_keywords"":[""laundry services"",""self-service"",""wash dry fold"",""commercial laundry"",""pickup and delivery"",""clean facilities"",""affordable pricing"",""free WiFi""],""info_refreshed_at"":""2026-07-05T08:31:27.788028Z"",""store_description"":""Recently remodeled laundromat offering self-service and wash, dry, and fold options, with 24/7 security cameras."",""business_specialty"":""State-of-the-art, high-efficiency washers and dryers"",""social_media_links"":{""X"":null,""TIKTOK"":null,""TWITTER"":null,""YOUTUBE"":null,""FACEBOOK"":[""https://www.facebook.com/profile.php?id=61556838141812""],""LINKEDIN"":null,""INSTAGRAM"":null,""PINTEREST"":null},""yelp_reviews_count"":null,""business_categories"":[""GROCERY_CONVENIENCE_STORES""],""google_reviews_count"":621,""product_services_offered"":[""Drop off laundry service"",""Self-service laundromat"",""Commercial laundry services"",""Pickup and delivery services"",""Wash and fold laundry service""]},""match_score"":418.53012,""match_highlights"":[""laundromat"",""laundry"",""laundry service""]}"
89,All Clean Laundry of East Point,https://www.allcleanlaundryofep.com/,"1776 Washington Rd, Atlanta, Georgia, 30344","=""+14046983968""","All Clean Laundry offers a clean and inviting environment for laundry services, including self-service washers and dryers, as well as drop-off services for wash and fold.",true,,admin@allcleanlaundryofep.com,"{""id"":""4ca054bc-322d-4946-b207-28d405d31dc1"",""cursor"":[414.576,""4ca054bc-322d-4946-b207-28d405d31dc1""],""content"":{""city"":""Atlanta"",""tags"":[""laundromat""],""state"":""Georgia"",""staffs"":null,""country"":""US"",""zipcode"":""30344"",""brand_id"":""4bd28645-701e-4c03-af68-6aaa6f7cb6b0"",""latitude"":33.6753614,""store_id"":""4ca054bc-322d-4946-b207-28d405d31dc1"",""longitude"":-84.4469082,""open_date"":null,""place_key"":""@1776.WASHINGTON.@30344..ATLANTA.GEORGIA@@8a44c1a16467fff"",""source_id"":""GOOGLE_MAP@ChIJd9uyYPod9YgReD74QY-AkFw"",""num_stores"":1,""price_tier"":null,""store_name"":""All Clean Laundry of East Point"",""root_domain"":""allcleanlaundryofep.com"",""website_url"":""https://www.allcleanlaundryofep.com/"",""yelp_rating"":null,""from_sources"":{""GOOGLE_MAP"":{""id"":""ChIJd9uyYPod9YgReD74QY-AkFw"",""ref_url"":""https://www.google.com/maps/place/?q=place_id:ChIJd9uyYPod9YgReD74QY-AkFw"",""raw_associated_website"":""http://www.allcleanlaundryofep.com/""}},""store_emails"":null,""store_phones"":[""+14046983968""],""business_name"":""All Clean Laundry"",""business_type"":""Laundry Service"",""google_rating"":4.2,""ownership_type"":""INDEPENDENT"",""street_address"":""1776 Washington Rd"",""business_emails"":[""admin@allcleanlaundryofep.com""],""business_phones"":[""+14046983968""],""order_platforms"":null,""brand_description"":""All Clean Laundry offers a clean and inviting environment for laundry services, including self-service washers and dryers, as well as drop-off services for wash and fold."",""business_keywords"":[""laundry"",""wash and fold"",""drop-off services"",""pick-up and delivery"",""self-service laundry""],""info_refreshed_at"":""2026-07-05T08:33:01.270628Z"",""store_description"":null,""business_specialty"":""Clean, operational, inviting laundromat with drop-off services."",""social_media_links"":{""X"":null,""TIKTOK"":null,""TWITTER"":null,""YOUTUBE"":null,""FACEBOOK"":[""https://www.facebook.com/AllCleanLaundryofEP""],""LINKEDIN"":null,""INSTAGRAM"":[""https://www.instagram.com/allcleanlaundryofep/""],""PINTEREST"":null},""yelp_reviews_count"":null,""business_categories"":[""GROCERY_CONVENIENCE_STORES""],""google_reviews_count"":38,""product_services_offered"":[""Washers with pricing based on load size"",""Dryers with $.25 for 5 minutes"",""Drop-off wash and dry services"",""Next day wash and fold"",""Same day wash and fold""]},""match_score"":414.576,""match_highlights"":[""laundromat""]}"
89,WASH IT WESTHEIMER WASHATERIA (Lavanderia),https://washitlaundromat.com/,"15965 Westheimer Rd, Houston, Texas, 77082","=""+12818095589""","Wash It Westheimer offers quality and convenience in laundry services, providing top-tier quality wash and fold, dry cleaning, and self-service options. Partnered with DoorDash for pick-up and drop-off services, Wash It Westheimer ensures a stress-free laundry experience.",true,,washitlaundromat1@gmail.com,"{""id"":""9fb12b4c-b439-4ba5-abce-77dd825cd2c0"",""cursor"":[413.38547,""9fb12b4c-b439-4ba5-abce-77dd825cd2c0""],""content"":{""city"":""Houston"",""tags"":[""laundromat""],""state"":""Texas"",""staffs"":null,""country"":""US"",""zipcode"":""77082"",""brand_id"":""982414fa-39e3-4ddf-95cb-4dac97def7b9"",""latitude"":29.722349899999998,""store_id"":""9fb12b4c-b439-4ba5-abce-77dd825cd2c0"",""longitude"":-95.66650709999999,""open_date"":null,""place_key"":""@15965.WESTHEIMER.@77082.WINGATE.HOUSTON.TEXAS@@8a446ca736c7fff"",""source_id"":""GOOGLE_MAP@ChIJZyWeFl_fQIYRk0qbSiNJai0"",""num_stores"":1,""price_tier"":null,""store_name"":""WASH IT WESTHEIMER WASHATERIA (Lavanderia)"",""root_domain"":""washitlaundromat.com"",""website_url"":""https://washitlaundromat.com/"",""yelp_rating"":null,""from_sources"":{""GOOGLE_MAP"":{""id"":""ChIJZyWeFl_fQIYRk0qbSiNJai0"",""ref_url"":""https://www.google.com/maps/place/?q=place_id:ChIJZyWeFl_fQIYRk0qbSiNJai0"",""raw_associated_website"":""https://washitlaundromat.com/""}},""store_emails"":null,""store_phones"":[""+12818095589""],""business_name"":""Wash It Westheimer"",""business_type"":""Laundry Service"",""google_rating"":4.7,""ownership_type"":"""",""street_address"":""15965 Westheimer Rd"",""business_emails"":[""washitlaundromat1@gmail.com""],""business_phones"":[""+12818095589""],""order_platforms"":null,""brand_description"":""Wash It Westheimer offers quality and convenience in laundry services, providing top-tier quality wash and fold, dry cleaning, and self-service options. Partnered with DoorDash for pick-up and drop-off services, Wash It Westheimer ensures a stress-free laundry experience."",""business_keywords"":[""laundry"",""wash and fold"",""dry cleaning"",""self-service"",""commercial laundry"",""DoorDash pick-up""],""info_refreshed_at"":""2026-07-04T15:52:22.63847Z"",""store_description"":null,""business_specialty"":""Quality and convenience in laundry services"",""social_media_links"":{""X"":null,""TIKTOK"":null,""TWITTER"":null,""YOUTUBE"":null,""FACEBOOK"":null,""LINKEDIN"":null,""INSTAGRAM"":null,""PINTEREST"":null},""yelp_reviews_count"":null,""business_categories"":[""BEAUTY_PERSONAL_CARE""],""google_reviews_count"":121,""product_services_offered"":[""Self-service washing and drying stations"",""Drop-off laundry service"",""Wash and fold service"",""Dry cleaning service"",""Commercial laundry services"",""Pick up - Drop off: Wash, Dry, & Fold Service"",""Drop-off: Wash, Dry & Fold Services"",""Self-Service Washers & Dryers""]},""match_score"":413.38547,""match_highlights"":[""laundromat""]}"
75,Tropikleen,https://www.tropikleen.com/,"9576 SW 160th St, Miami, Florida, 33157","=""+13059647939""","Tropikleen is a family-owned full-service laundry near Palmetto Bay offering a self-service coin laundromat, wash and fold, and laundry pickup and delivery services in Miami, FL. The coin laundry near Palmetto Estates is open from 7am-12am. They provide high-quality service and strive to deliver the best customer experience.",,,,"{""id"":""b4e6e8ab-94a6-49af-9a30-6010267ecf55"",""cursor"":[402.03113,""b4e6e8ab-94a6-49af-9a30-6010267ecf55""],""content"":{""city"":""Miami"",""tags"":[""laundromat"",""laundry service""],""state"":""Florida"",""staffs"":[{""name"":""Norgi"",""role"":""Employee"",""source_urls"":[""https://www.tropikleen.com/""]}],""country"":""US"",""zipcode"":""33157"",""brand_id"":""75aeb2ee-c76d-4e87-aa02-fbcd4ebca5e5"",""latitude"":25.619080099999998,""store_id"":""b4e6e8ab-94a6-49af-9a30-6010267ecf55"",""longitude"":-80.3482353,""open_date"":null,""place_key"":""@9576.160TH.@33157..MIAMI.FLORIDA@@8a44a1808407fff"",""source_id"":""GOOGLE_MAP@ChIJfSfOPhnE2YgRy04WTbzqfXE"",""num_stores"":1,""price_tier"":null,""store_name"":""Tropikleen"",""root_domain"":""tropikleen.com"",""website_url"":""https://www.tropikleen.com/"",""yelp_rating"":null,""from_sources"":{""GOOGLE_MAP"":{""id"":""ChIJfSfOPhnE2YgRy04WTbzqfXE"",""ref_url"":""https://www.google.com/maps/place/?q=place_id:ChIJfSfOPhnE2YgRy04WTbzqfXE"",""raw_associated_website"":""http://tropikleen.com/""}},""store_emails"":null,""store_phones"":[""+13059647939""],""business_name"":""Tropikleen"",""business_type"":""Laundry Service"",""google_rating"":4.8,""ownership_type"":""FAMILY"",""street_address"":""9576 SW 160th St"",""business_emails"":[""hello@tropikleen.com""],""business_phones"":[""+13059647939""],""order_platforms"":null,""brand_description"":""Tropikleen is a family-owned full-service laundry near Palmetto Bay offering a self-service coin laundromat, wash and fold, and laundry pickup and delivery services in Miami, FL. The coin laundry near Palmetto Estates is open from 7am-12am. They provide high-quality service and strive to deliver the best customer experience."",""business_keywords"":[""laundromat"",""wash and fold"",""laundry pickup"",""laundry delivery"",""coin laundry""],""info_refreshed_at"":""2026-01-13T18:52:08.550712Z"",""store_description"":null,""business_specialty"":""Full-service laundry with wash and fold, laundry pickup & delivery"",""social_media_links"":{""X"":null,""TIKTOK"":null,""TWITTER"":null,""YOUTUBE"":null,""FACEBOOK"":[""https://www.facebook.com/Tropikleen""],""LINKEDIN"":null,""INSTAGRAM"":[""https://www.instagram.com/tropikleen/""],""PINTEREST"":null},""yelp_reviews_count"":null,""business_categories"":[""BEAUTY_PERSONAL_CARE""],""google_reviews_count"":295,""product_services_offered"":[""Self service coin laundromat"",""Wash and fold service"",""Laundry pickup and delivery""]},""match_score"":402.03113,""match_highlights"":[""laundromat"",""laundry service""]}"
100,Top Wash Laundry,https://topwashlaundry.com/,"16940 Ella Blvd Ste 110, Houston, Texas, 77090","=""+12818365025""","Full-service laundromat offering self-service and wash-dry-fold options, plus new washers and dryers.",true,Jerome,topwash1960@gmail.com,"{""id"":""ef222cdd-487f-424e-89e9-d0a81851fd55"",""cursor"":[401.61743,""ef222cdd-487f-424e-89e9-d0a81851fd55""],""content"":{""city"":""Houston"",""tags"":[""laundromat"",""delivery service"",""laundry"",""laundry service""],""state"":""Texas"",""staffs"":[{""name"":""Jerome"",""role"":""manager"",""source_urls"":[""https://topwashlaundry.com/"",""https://topwashlaundry.com/about-us/""]}],""country"":""US"",""zipcode"":""77090"",""brand_id"":""9c52a41a-abc3-4b17-9afa-09d4b4f93c8d"",""latitude"":30.0129721,""store_id"":""ef222cdd-487f-424e-89e9-d0a81851fd55"",""longitude"":-95.4487419,""open_date"":null,""place_key"":""110@16940.ELLA.@77090..HOUSTON.TEXAS@@8a446c35ad1ffff"",""source_id"":""GOOGLE_MAP@ChIJXSFa1CTLQIYRSl75wgdRoYI"",""num_stores"":1,""price_tier"":null,""store_name"":""Top Wash Laundry"",""root_domain"":""topwashlaundry.com"",""website_url"":""https://topwashlaundry.com/"",""yelp_rating"":null,""from_sources"":{""GOOGLE_MAP"":{""id"":""ChIJXSFa1CTLQIYRSl75wgdRoYI"",""ref_url"":""https://www.google.com/maps/place/?q=place_id:ChIJXSFa1CTLQIYRSl75wgdRoYI"",""raw_associated_website"":""https://topwashlaundry.com/""}},""store_emails"":null,""store_phones"":[""+12818365025""],""business_name"":""Top Wash Laundry"",""business_type"":""Laundromat"",""google_rating"":4.8,""ownership_type"":""FAMILY"",""street_address"":""16940 Ella Blvd Ste 110"",""business_emails"":[""topwash1960@gmail.com""],""business_phones"":[""+13466611803""],""order_platforms"":[{""id"":""aa4e193f-bf50-4b48-b63d-3c7ab54e0b19"",""platform_name"":""trycents.com"",""platform_ident"":""trycents.com"",""store_source_id"":""GOOGLE_MAP@ChIJXSFa1CTLQIYRSl75wgdRoYI"",""order_platform_link"":""https://app.trycents.com/new-order/OW9p/home?hl=en-EC&gei=rsMRZ-SPFNeVwbkPlNO0qA0&rwg_token=AJKvS9V7e9MnP3WV-VFrkHHjcO1N01bor31RanQ1-HPLD0QaAt0pdKiSw5U93-lpY5fjcu5sf2ncOHGdF07xo3AoRiad5dBs9w%3D%3D""}],""brand_description"":""Top Wash Laundry is a family-owned laundromat in Houston, TX, offering self-service, drop-off, and commercial laundry services with a focus on speed and cleanliness."",""business_keywords"":[""laundry"",""self-service"",""wash and fold"",""commercial laundry"",""pickup and delivery"",""high-speed washers"",""clean environment"",""family owned""],""info_refreshed_at"":""2026-07-05T08:37:38.242312Z"",""store_description"":""Full-service laundromat offering self-service and wash-dry-fold options, plus new washers and dryers."",""business_specialty"":""Fast and efficient laundry services with high-speed washers and dryers."",""social_media_links"":{""X"":null,""TIKTOK"":null,""TWITTER"":null,""YOUTUBE"":null,""FACEBOOK"":null,""LINKEDIN"":null,""INSTAGRAM"":null,""PINTEREST"":null},""yelp_reviews_count"":null,""business_categories"":[""GROCERY_CONVENIENCE_STORES""],""google_reviews_count"":366,""product_services_offered"":[""Self-service laundry"",""Drop-off laundry service"",""Commercial laundry services"",""Pickup and delivery services""]},""match_score"":401.61743,""match_highlights"":[""laundromat"",""laundry"",""laundry service""]}"
100,Austin Commercial Laundry,https://austincommerciallaundry.com/,"8776 Research Blvd Unit d, Austin, Texas, 78758","=""+15122003242""","Austin Commercial Laundry provides commercial wash and fold and linen laundry services designed to save businesses time and money by outsourcing laundry needs with quality and affordability in Austin, TX.",true,Tom Wittkower,info@austincommerciallaundry.com,"{""id"":""5ab737e6-1d06-44a4-826a-b6aa6a9a5103"",""cursor"":[401.25595,""5ab737e6-1d06-44a4-826a-b6aa6a9a5103""],""content"":{""city"":""Austin"",""tags"":[""laundry service""],""state"":""Texas"",""staffs"":null,""country"":""US"",""zipcode"":""78758"",""brand_id"":""1f8c0a0a-a3cc-4f5e-bf39-0510cd112b98"",""latitude"":30.3653777,""store_id"":""5ab737e6-1d06-44a4-826a-b6aa6a9a5103"",""longitude"":-97.7197621,""open_date"":null,""place_key"":""d@8776.RESEARCH.@78758.WOOTEN.AUSTIN.TEXAS@@8a489e274a47fff"",""source_id"":""GOOGLE_MAP@ChIJe0Jj1DXLRIYRg-GJVlpwrCM"",""num_stores"":1,""price_tier"":null,""store_name"":""Austin Commercial Laundry"",""root_domain"":""austincommerciallaundry.com"",""website_url"":""https://austincommerciallaundry.com/"",""yelp_rating"":null,""from_sources"":{""GOOGLE_MAP"":{""id"":""ChIJe0Jj1DXLRIYRg-GJVlpwrCM"",""name"":""Austin Commercial Laundry"",""ref_url"":""https://www.google.com/maps/place/?q=place_id:ChIJe0Jj1DXLRIYRg-GJVlpwrCM"",""raw_associated_website"":""https://www.austincommerciallaundry.com/""}},""store_emails"":null,""store_phones"":[""+15122003242""],""business_name"":""Austin Commercial Laundry"",""business_type"":""Commercial Laundry Service"",""google_rating"":null,""ownership_type"":""INDEPENDENT"",""street_address"":""8776 Research Blvd Unit d"",""business_emails"":[""info@austincommerciallaundry.com""],""business_phones"":[""+15122003242""],""order_platforms"":null,""brand_description"":""Austin Commercial Laundry provides commercial wash and fold and linen laundry services designed to save businesses time and money by outsourcing laundry needs with quality and affordability in Austin, TX."",""business_keywords"":[""commercial laundry"",""wash and fold"",""linen services"",""laundry pickup"",""laundry drop off"",""laundry delivery"",""business laundry outsourcing""],""info_refreshed_at"":""2026-07-05T08:27:29.051501Z"",""store_description"":null,""business_specialty"":""High quality wash and fold and linen services tailored for commercial clients with affordable pricing and quick turnaround"",""social_media_links"":{""X"":null,""TIKTOK"":null,""TWITTER"":null,""YOUTUBE"":null,""FACEBOOK"":null,""LINKEDIN"":null,""INSTAGRAM"":null,""PINTEREST"":null},""yelp_reviews_count"":null,""business_categories"":[""HOME_SERVICES_CONTRACTORS""],""google_reviews_count"":0,""product_services_offered"":[""commercial wash and fold services"",""linen services"",""laundry pickup and delivery"",""customized laundry estimates"",""24 hour laundry turnaround""]},""match_score"":401.25595,""match_highlights"":[""laundry service""]}"
89,Friendly Laundry,https://friendlylaundry.com/,"700 W Livingston St, Orlando, Florida, 32805","=""+14073823420""","Friendly Laundry LLC operates laundromats in central Florida offering self-service and drop-off laundry services with a focus on affordability, cleanliness, and customer service. They use advanced high-speed machines and provide a fully attended, safe, and friendly environment with amenities like free Wi-Fi and entertainment.",true,,contact@friendlylaundry.com,"{""id"":""b2e9fa66-47e8-4b99-80c9-7d548ad3e2c7"",""cursor"":[399.879,""b2e9fa66-47e8-4b99-80c9-7d548ad3e2c7""],""content"":{""city"":""Orlando"",""tags"":[""laundromat""],""state"":""Florida"",""staffs"":null,""country"":""US"",""zipcode"":""32805"",""brand_id"":""866285c0-1870-4e11-9ed4-b5eb82771309"",""latitude"":28.5471793,""store_id"":""b2e9fa66-47e8-4b99-80c9-7d548ad3e2c7"",""longitude"":-81.3894512,""open_date"":null,""place_key"":""@700.LIVINGSTON.@32805.CALLAHAN.ORLANDO.FLORIDA@@8a44a9054417fff"",""source_id"":""GOOGLE_MAP@ChIJV5fXFwB754gRVSRur4xPSRg"",""num_stores"":2,""price_tier"":null,""store_name"":""Friendly Laundry"",""root_domain"":""friendlylaundry.com"",""website_url"":""https://friendlylaundry.com/"",""yelp_rating"":null,""from_sources"":{""GOOGLE_MAP"":{""id"":""ChIJV5fXFwB754gRVSRur4xPSRg"",""ref_url"":""https://www.google.com/maps/place/?q=place_id:ChIJV5fXFwB754gRVSRur4xPSRg"",""raw_associated_website"":""http://www.friendlylaundry.com/""}},""store_emails"":null,""store_phones"":[""+14073823420""],""business_name"":""Friendly Laundry LLC"",""business_type"":""Laundromat"",""google_rating"":4.6,""ownership_type"":""INDEPENDENT"",""street_address"":""700 W Livingston St"",""business_emails"":[""contact@friendlylaundry.com"",""manager-834@friendlylaundry.com"",""manager-700@friendlylaundry.com""],""business_phones"":[""+18639691550"",""+14073823420""],""order_platforms"":null,""brand_description"":""Friendly Laundry LLC operates laundromats in central Florida offering self-service and drop-off laundry services with a focus on affordability, cleanliness, and customer service. They use advanced high-speed machines and provide a fully attended, safe, and friendly environment with amenities like free Wi-Fi and entertainment."",""business_keywords"":[""laundry"",""wash"",""dry"",""fold"",""laundromat"",""drop-off service"",""self-service"",""laundry cards"",""high-speed equipment"",""disinfected laundry"",""laundry pickup"",""laundry delivery"",""dry cleaning""],""info_refreshed_at"":""2025-11-04T02:54:32.659828Z"",""store_description"":null,""business_specialty"":""State-of-the-art high-speed laundry equipment, fully attended with friendly staff, lowest price in central Florida, clean and safe environment, free Wi-Fi, TV, and music"",""social_media_links"":{""X"":null,""TIKTOK"":null,""TWITTER"":null,""YOUTUBE"":null,""FACEBOOK"":null,""LINKEDIN"":null,""INSTAGRAM"":null,""PINTEREST"":null},""yelp_reviews_count"":null,""business_categories"":[""HOME_SERVICES_CONTRACTORS""],""google_reviews_count"":58,""product_services_offered"":[""Self-service washers starting at $3.00"",""Wash, dry & fold service starting at $1.50 per lb with $15 minimum order"",""Drop-off wash, dry & fold services"",""Pickup & delivery service (coming soon)"",""Dry cleaning service (coming soon)""]},""match_score"":399.879,""match_highlights"":[""laundromat""]}"
100,Reynolds Laundry,,"2017 Reynolds Ave, Charleston, South Carolina, 29405","=""+18437323335""",,true,Erin and Jon Carpenter,laundryreynolds@gmail.com,"{""id"":""1f1d7b3b-d676-43e2-94b2-ee5a9f344a72"",""cursor"":[397.89355,""1f1d7b3b-d676-43e2-94b2-ee5a9f344a72""],""content"":{""city"":""Charleston"",""tags"":[""laundromat"",""laundry"",""laundry service""],""state"":""South Carolina"",""staffs"":null,""country"":""US"",""zipcode"":""29405"",""brand_id"":"""",""latitude"":32.854692799999995,""store_id"":""1f1d7b3b-d676-43e2-94b2-ee5a9f344a72"",""longitude"":-79.9727161,""open_date"":null,""place_key"":""@2017.REYNOLDS.@29405..CHARLESTON.SOUTH_CAROLINA@@8a44d0753477fff"",""source_id"":""GOOGLE_MAP@ChIJj9yeJi17_ogR-McWKMJoHgs"",""num_stores"":1,""price_tier"":null,""store_name"":""Reynolds Laundry"",""root_domain"":""reynolds-laundry.multiscreensite.com"",""website_url"":"""",""yelp_rating"":null,""from_sources"":{""GOOGLE_MAP"":{""id"":""ChIJj9yeJi17_ogR-McWKMJoHgs"",""ref_url"":""https://www.google.com/maps/place/?q=place_id:ChIJj9yeJi17_ogR-McWKMJoHgs"",""raw_associated_website"":""https://laundromatcharleston.com/""}},""store_emails"":null,""store_phones"":[""+18437323335""],""business_name"":"""",""business_type"":"""",""google_rating"":4.7,""ownership_type"":"""",""street_address"":""2017 Reynolds Ave"",""business_emails"":null,""business_phones"":null,""order_platforms"":null,""brand_description"":"""",""business_keywords"":null,""info_refreshed_at"":""2026-07-05T08:36:01.944804Z"",""store_description"":null,""business_specialty"":"""",""social_media_links"":{""X"":null,""TIKTOK"":null,""TWITTER"":null,""YOUTUBE"":null,""FACEBOOK"":null,""LINKEDIN"":null,""INSTAGRAM"":null,""PINTEREST"":null},""yelp_reviews_count"":null,""business_categories"":null,""google_reviews_count"":235,""product_services_offered"":null},""match_score"":397.89355,""match_highlights"":[""laundromat"",""laundry"",""laundry service""]}"
89,New Heavenly Washateria,https://nhwashateria.com/,"7850 Easthaven Blvd, Houston, Texas, 77017","=""+12819744338""",Card-operated laundromat offering wash-and-fold services and self-service cleaning.,true,Peter Zeng,,"{""id"":""59dfc231-912f-40f3-8d82-5f568371f4f2"",""cursor"":[395.34537,""59dfc231-912f-40f3-8d82-5f568371f4f2""],""content"":{""city"":""Houston"",""tags"":[""laundromat""],""state"":""Texas"",""staffs"":null,""country"":""US"",""zipcode"":""77017"",""brand_id"":""5975b8ae-2282-4fce-9e3b-ff0423e9e021"",""latitude"":29.6551209,""store_id"":""59dfc231-912f-40f3-8d82-5f568371f4f2"",""longitude"":-95.2495804,""open_date"":null,""place_key"":""@7850.EASTHAVEN.@77017.MEADOWBROOK_/_ALLENDALE.HOUSTON.TEXAS@@8a446c159b0ffff"",""source_id"":""GOOGLE_MAP@ChIJZ7fxNbyXQIYRUCT-KXXAn2M"",""num_stores"":1,""price_tier"":null,""store_name"":""New Heavenly Washateria"",""root_domain"":""nhwashateria.com"",""website_url"":""https://nhwashateria.com/"",""yelp_rating"":null,""from_sources"":{""GOOGLE_MAP"":{""id"":""ChIJZ7fxNbyXQIYRUCT-KXXAn2M"",""ref_url"":""https://www.google.com/maps/place/?q=place_id:ChIJZ7fxNbyXQIYRUCT-KXXAn2M"",""raw_associated_website"":""https://www.nhwashateria.com/""}},""store_emails"":null,""store_phones"":[""+12819744338""],""business_name"":""New Heavenly Washateria"",""business_type"":""Laundry Service"",""google_rating"":4.3,""ownership_type"":""INDEPENDENT"",""street_address"":""7850 Easthaven Blvd"",""business_emails"":null,""business_phones"":[""+12819744338""],""order_platforms"":null,""brand_description"":""New Heavenly Washateria is a locally owned laundry service established in 1995, providing top-notch laundry services with state-of-the-art machines and a commitment to customer satisfaction. They offer a variety of services including self-service machines, drop-off services, and wash-and-fold services."",""business_keywords"":[""laundry services"",""wash-and-fold"",""self-service machines"",""drop-off services""],""info_refreshed_at"":""2026-07-05T08:33:54.881818Z"",""store_description"":""Card-operated laundromat offering wash-and-fold services and self-service cleaning."",""business_specialty"":""Top-notch laundry services with state-of-the-art machines and commitment to customer satisfaction"",""social_media_links"":{""X"":null,""TIKTOK"":null,""TWITTER"":null,""YOUTUBE"":null,""FACEBOOK"":null,""LINKEDIN"":null,""INSTAGRAM"":null,""PINTEREST"":null},""yelp_reviews_count"":null,""business_categories"":[""SHOPPING_RETAIL""],""google_reviews_count"":134,""product_services_offered"":[""Self-service machines"",""Drop-off services"",""Wash-and-fold services""]},""match_score"":395.34537,""match_highlights"":[""laundromat""]}"
100,Patio Laundry,https://patiolaundry.com/,"9550 Baymeadows Rd, Jacksonville, Florida, 32256","=""+19047322254""",Laundromat offering machines for various loads and a drop-off laundry service.,true,Dustin Gill,patiolaundry@gmail.com,"{""id"":""dd53a740-7138-4be9-a4b1-975c1bf609d6"",""cursor"":[393.87225,""dd53a740-7138-4be9-a4b1-975c1bf609d6""],""content"":{""city"":""Jacksonville"",""tags"":[""laundromat"",""laundry"",""laundry service""],""state"":""Florida"",""staffs"":null,""country"":""US"",""zipcode"":""32256"",""brand_id"":""981b08a9-df86-4a0a-a37b-77105ab5d42b"",""latitude"":30.219506799999998,""store_id"":""dd53a740-7138-4be9-a4b1-975c1bf609d6"",""longitude"":-81.5602466,""open_date"":null,""place_key"":""@9550.BAYMEADOWS.@32256.SOUTHSIDE.JACKSONVILLE.FLORIDA@@8a44f054355ffff"",""source_id"":""GOOGLE_MAP@ChIJuWv6DvjK5YgRkALvYmlOqWE"",""num_stores"":4,""price_tier"":null,""store_name"":""Patio Laundry"",""root_domain"":""patiolaundry.com"",""website_url"":""https://patiolaundry.com/"",""yelp_rating"":null,""from_sources"":{""GOOGLE_MAP"":{""id"":""ChIJuWv6DvjK5YgRkALvYmlOqWE"",""ref_url"":""https://www.google.com/maps/place/?q=place_id:ChIJuWv6DvjK5YgRkALvYmlOqWE"",""raw_associated_website"":""https://baymeadowslaundry.net/""}},""store_emails"":null,""store_phones"":[""+19047322254""],""business_name"":""Patio Laundry"",""business_type"":""Laundromat"",""google_rating"":4.3,""ownership_type"":"""",""street_address"":""9550 Baymeadows Rd"",""business_emails"":[""patiolaundry@gmail.com""],""business_phones"":[""+14705452669"",""+16787320879"",""+19043792614""],""order_platforms"":null,""brand_description"":""Patio Laundry is a modern laundromat offering drop off laundry service, self-service laundry, and wash and fold options. They provide high-quality detergents and ensure clothes are completely dry and neatly folded. With a loyalty program and 24-hour operation, Patio Laundry aims to provide a clean, safe, and convenient laundry experience."",""business_keywords"":[""laundromat"",""drop off service"",""self-service laundry"",""wash and fold"",""loyalty program""],""info_refreshed_at"":""2026-07-05T08:35:19.369903Z"",""store_description"":""Laundromat offering machines for various loads and a drop-off laundry service."",""business_specialty"":""Drop Off Laundry Service"",""social_media_links"":{""X"":null,""TIKTOK"":null,""TWITTER"":null,""YOUTUBE"":null,""FACEBOOK"":[""https://www.facebook.com/patiolaundry/?ref=bookmarks""],""LINKEDIN"":null,""INSTAGRAM"":null,""PINTEREST"":null},""yelp_reviews_count"":null,""business_categories"":[""GROCERY_CONVENIENCE_STORES""],""google_reviews_count"":564,""product_services_offered"":[""Drop Off Laundry Service"",""Self-Service Laundry"",""Wash and Fold"",""24-Hour Operation"",""Loyalty Program""]},""match_score"":393.87225,""match_highlights"":[""laundromat"",""laundry"",""laundry service""]}"
89,Laundry Spot,http://laundryspotjax.com/,"next to BIG LOTS, 9726 Old St Augustine Rd, Jacksonville, Florida, 32257","=""+19047234705""",Laid-back laundromat offering self-serve machines for washing and drying clothes.,true,Michael Roberts,,"{""id"":""83d8dde5-4d6c-4441-acf5-cdf0eb9e7297"",""cursor"":[393.54794,""83d8dde5-4d6c-4441-acf5-cdf0eb9e7297""],""content"":{""city"":""Jacksonville"",""tags"":[""laundromat""],""state"":""Florida"",""staffs"":null,""country"":""US"",""zipcode"":""32257"",""brand_id"":""56b2aac7-d075-497b-8801-701c644591be"",""latitude"":30.2004611,""store_id"":""83d8dde5-4d6c-4441-acf5-cdf0eb9e7297"",""longitude"":-81.61690879999999,""open_date"":null,""place_key"":""@9726.OLD_ST_AUGUSTINE.@32257.SOUTHSIDE.JACKSONVILLE.FLORIDA@@8a44f056a91ffff"",""source_id"":""GOOGLE_MAP@ChIJoX4PuGnJ5YgRdsfRnup5Ywg"",""num_stores"":1,""price_tier"":null,""store_name"":""Laundry Spot"",""root_domain"":""laundryspotjax.com"",""website_url"":""http://laundryspotjax.com/"",""yelp_rating"":null,""from_sources"":{""GOOGLE_MAP"":{""id"":""ChIJoX4PuGnJ5YgRdsfRnup5Ywg"",""ref_url"":""https://www.google.com/maps/place/?q=place_id:ChIJoX4PuGnJ5YgRdsfRnup5Ywg"",""raw_associated_website"":""http://www.laundryspotjax.com/""}},""store_emails"":null,""store_phones"":[""+19047234705""],""business_name"":""Laundry Spot"",""business_type"":""Laundromat"",""google_rating"":4.8,""ownership_type"":"""",""street_address"":""next to BIG LOTS, 9726 Old St Augustine Rd"",""business_emails"":null,""business_phones"":[""+19047234705""],""order_platforms"":null,""brand_description"":""The Laundry Spot is a laundromat located in Mandarin and Jacksonville, FL, offering drop off and self-service laundry options. They provide high-tech machines, wash and fold services, and a clean and efficient laundry experience."",""business_keywords"":[""laundromat"",""self-serve laundry"",""drop-off service"",""high-tech machines"",""wash and fold"",""laundry drop off""],""info_refreshed_at"":""2026-07-05T08:35:19.370079Z"",""store_description"":""Laid-back laundromat offering self-serve machines for washing and drying clothes."",""business_specialty"":""Drop Off and Self Service Laundry"",""social_media_links"":{""X"":null,""TIKTOK"":null,""TWITTER"":null,""YOUTUBE"":null,""FACEBOOK"":[""https://www.facebook.com/laundryspotjax""],""LINKEDIN"":null,""INSTAGRAM"":[""https://www.instagram.com/laundryspotjax""],""PINTEREST"":null},""yelp_reviews_count"":null,""business_categories"":[""SHOPPING_RETAIL""],""google_reviews_count"":288,""product_services_offered"":[""Drop Off Service"",""Self Serve Laundry""]},""match_score"":393.54794,""match_highlights"":[""laundromat""]}"
89,O Laundry @ Sanford,https://www.olaundry.com/,"1001 W Sanford St Ste A, Arlington, Texas, 76012","=""+18555059274""","Modern, clean, card-operated, coinless laundromat with seating and friendly service, plus wash-and-fold service.",true,,info@Olaundry.com,"{""id"":""6fb6e5e2-2f40-4dea-b2b9-8d51432f547d"",""cursor"":[391.78165,""6fb6e5e2-2f40-4dea-b2b9-8d51432f547d""],""content"":{""city"":""Arlington"",""tags"":[""laundry service""],""state"":""Texas"",""staffs"":null,""country"":""US"",""zipcode"":""76012"",""brand_id"":""e9ae9931-ac1e-4eac-8aca-34d9d167965e"",""latitude"":32.7432168,""store_id"":""6fb6e5e2-2f40-4dea-b2b9-8d51432f547d"",""longitude"":-97.1204954,""open_date"":null,""place_key"":""A@1001.SANFORD.@76012.CENTRAL_ARLINGTON.ARLINGTON.TEXAS@@8a26cbd2baeffff"",""source_id"":""GOOGLE_MAP@ChIJDyuRN6d9ToYRRPlv1dVb7Vo"",""num_stores"":2,""price_tier"":null,""store_name"":""O Laundry @ Sanford"",""root_domain"":""olaundry.com"",""website_url"":""https://www.olaundry.com/"",""yelp_rating"":4,""from_sources"":{""YELP"":{""id"":""o-laundry-arlington-arlington-2"",""name"":""O Laundry - Arlington"",""ref_url"":""https://www.yelp.com/biz/o-laundry-arlington-arlington?osq=Laundry+Services&gclid=7698b54589"",""raw_associated_website"":""www.olaundry.com""},""GOOGLE_MAP"":{""id"":""ChIJDyuRN6d9ToYRRPlv1dVb7Vo"",""ref_url"":""https://www.google.com/maps/place/?q=place_id:ChIJDyuRN6d9ToYRRPlv1dVb7Vo""}},""store_emails"":null,""store_phones"":[""+18555059274""],""business_name"":""OLaundry"",""business_type"":""Laundry Service Provider"",""google_rating"":4.5,""ownership_type"":"""",""street_address"":""1001 W Sanford St Ste A"",""business_emails"":[""info@Olaundry.com""],""business_phones"":[""+18555059274""],""order_platforms"":[{""id"":""863b44ca-e88b-4f13-9d06-a70391347b8a"",""platform_name"":""olaundry.com"",""platform_ident"":""olaundry.com"",""store_source_id"":""GOOGLE_MAP@ChIJDyuRN6d9ToYRRPlv1dVb7Vo"",""order_platform_link"":""http://www.olaundry.com""}],""brand_description"":""OLaundry provides laundry pickup and delivery, dry cleaning, wash and fold, self-service laundromats, and commercial laundry services primarily in the"",""business_keywords"":[""laundry pickup"",""laundry delivery"",""dry cleaning services"",""wash and fold"",""self service laundromat"",""commercial laundry"",""laundry scheduling"",""laundry app""],""info_refreshed_at"":""2026-07-05T08:37:38.237634Z"",""store_description"":""Modern, clean, card-operated, coinless laundromat with seating and friendly service, plus wash-and-fold service."",""business_specialty"":""Complimentary laundry pickup and delivery service covering the Dallas-Fort Worth metroplex with same-day or next-day service options and multiple convenient locations."",""social_media_links"":{""X"":null,""TIKTOK"":null,""TWITTER"":null,""YOUTUBE"":null,""FACEBOOK"":[""https://www.facebook.com/olaundrytx""],""LINKEDIN"":null,""INSTAGRAM"":null,""PINTEREST"":null},""yelp_reviews_count"":1,""business_categories"":[""HOME_SERVICES_CONTRACTORS""],""google_reviews_count"":103,""product_services_offered"":[""Laundry pickup and delivery"",""Wash and fold laundry service"",""Self service laundromats with card-operated machines"",""Dry cleaning services with extended hours and same-day or next-day pickup"",""Commercial laundry services with automated folding and packaging""]},""match_score"":391.78165,""match_highlights"":[""laundry service""]}"
75,Bluewater Laundry,https://bluewaterlaundryreviews.com/,"3721 N Broadway, Knoxville, Tennessee, 37917","=""+18654108705""","Laundromat offering a variety of washer and dryer sizes, plus Wi-Fi, TVs, and a drop-off laundry service.",,Patrick Howell,,"{""id"":""bf335eda-e543-472e-bede-28483293728b"",""cursor"":[390.36102,""bf335eda-e543-472e-bede-28483293728b""],""content"":{""city"":""Knoxville"",""tags"":[""laundromat"",""coin operated laundry equipment supplier"",""dry cleaner"",""laundry"",""laundry service""],""state"":""Tennessee"",""staffs"":null,""country"":""US"",""zipcode"":""37917"",""brand_id"":""0bc4443a-f6c4-4f69-abc8-16f7620a007f"",""latitude"":36.0062213,""store_id"":""bf335eda-e543-472e-bede-28483293728b"",""longitude"":-83.9270935,""open_date"":null,""place_key"":""@3721.BROADWAY.@37917.NORTH_KNOXVILLE.KNOXVILLE.TENNESSEE@@8a44ca365297fff"",""source_id"":""GOOGLE_MAP@ChIJ-V7uqx4WXIgRvw5HtX7GWow"",""num_stores"":1,""price_tier"":null,""store_name"":""Bluewater Laundry"",""root_domain"":""bluewaterlaundryreviews.com"",""website_url"":""https://bluewaterlaundryreviews.com/"",""yelp_rating"":null,""from_sources"":{""GOOGLE_MAP"":{""id"":""ChIJ-V7uqx4WXIgRvw5HtX7GWow"",""ref_url"":""https://www.google.com/maps/place/?q=place_id:ChIJ-V7uqx4WXIgRvw5HtX7GWow"",""raw_associated_website"":""https://bluewaterlaundryreviews.com/""}},""store_emails"":null,""store_phones"":[""+18654108705""],""business_name"":""Bluewater Laundry"",""business_type"":""Laundry Service"",""google_rating"":4.5,""ownership_type"":""INDEPENDENT"",""street_address"":""3721 N Broadway"",""business_emails"":null,""business_phones"":[""+18654108705""],""order_platforms"":null,""brand_description"":""Bluewater Laundry is a laundry service located in Knoxville, TN, offering high capacity washers and dryers, wash and fold services, and a clean, secure environment."",""business_keywords"":[""laundry"",""wash and fold"",""self-service"",""high capacity"",""coin-operated"",""credit card payment"",""free WiFi""],""info_refreshed_at"":""2026-07-05T08:35:14.772674Z"",""store_description"":""Laundromat offering a variety of washer and dryer sizes, plus Wi-Fi, TVs, and a drop-off laundry service."",""business_specialty"":""High capacity washers and dryers with wash, fold, and dry service."",""social_media_links"":{""X"":null,""TIKTOK"":null,""TWITTER"":null,""YOUTUBE"":null,""FACEBOOK"":[""https://www.facebook.com/Bluewater-Laundry-101965272219387""],""LINKEDIN"":null,""INSTAGRAM"":null,""PINTEREST"":null},""yelp_reviews_count"":null,""business_categories"":[""GROCERY_CONVENIENCE_STORES""],""google_reviews_count"":300,""product_services_offered"":[""High capacity washers and dryers"",""Wash, fold, and dry service"",""Drop off and pick up service"",""Same day service"",""Free WiFi"",""A/C"",""TVs""]},""match_score"":390.36102,""match_highlights"":[""laundromat"",""laundry"",""laundry service""]}"
100,Coral Way Lavanderia Coin Laundry,http://coralwaylaundromat.com/,"1313 SW 22nd St, Miami, Florida, 33145","=""+13058603210""",Quarters are dispensed at this relaxed spot for washing clothes.,true,Anne OBrien,coralwaylavanderia@gmail.com,"{""id"":""52d0d1f8-1cc2-4253-ad01-fb2b1fe2adea"",""cursor"":[387.34546,""52d0d1f8-1cc2-4253-ad01-fb2b1fe2adea""],""content"":{""city"":""Miami"",""tags"":[""laundromat"",""dry cleaner""],""state"":""Florida"",""staffs"":null,""country"":""US"",""zipcode"":""33145"",""brand_id"":""90757b6d-25ba-4700-ae85-234f36e9ed79"",""latitude"":25.7511986,""store_id"":""52d0d1f8-1cc2-4253-ad01-fb2b1fe2adea"",""longitude"":-80.2164193,""open_date"":null,""place_key"":""@1313.22ND.@33145.CORAL_WAY.MIAMI.FLORIDA@@8a44a112d197fff"",""source_id"":""GOOGLE_MAP@ChIJmR8ev1u22YgRhMZaESTUfOU"",""num_stores"":1,""price_tier"":null,""store_name"":""Coral Way Lavanderia Coin Laundry"",""root_domain"":""coralwaylaundromat.com"",""website_url"":""http://coralwaylaundromat.com/"",""yelp_rating"":null,""from_sources"":{""GOOGLE_MAP"":{""id"":""ChIJmR8ev1u22YgRhMZaESTUfOU"",""ref_url"":""https://www.google.com/maps/place/?q=place_id:ChIJmR8ev1u22YgRhMZaESTUfOU"",""raw_associated_website"":""https://coralwaylaundromat.com/""}},""store_emails"":null,""store_phones"":[""+13058603210""],""business_name"":""Coral Way Lavanderia"",""business_type"":""Laundromat"",""google_rating"":4,""ownership_type"":"""",""street_address"":""1313 SW 22nd St"",""business_emails"":[""coralwaylavanderia@gmail.com""],""business_phones"":[""+13058603210""],""order_platforms"":null,""brand_description"":""Coral Way Lavanderia is the premiere laundromat in Miami, Florida, offering self-service laundry with top-quality machines, wash dry fold service, and drop off dry cleaning. Known for being the cleanest laundromat in town."",""business_keywords"":[""Laundromat"",""Self-Service"",""Wash Dry Fold"",""Dry Cleaning""],""info_refreshed_at"":""2026-07-05T08:33:19.051411Z"",""store_description"":""Quarters are dispensed at this relaxed spot for washing clothes."",""business_specialty"":""Premiere Laundromat in Miami, FL"",""social_media_links"":{""X"":null,""TIKTOK"":null,""TWITTER"":null,""YOUTUBE"":null,""FACEBOOK"":null,""LINKEDIN"":null,""INSTAGRAM"":null,""PINTEREST"":null},""yelp_reviews_count"":null,""business_categories"":[""SHOPPING_RETAIL""],""google_reviews_count"":304,""product_services_offered"":[""Self-Service Laundry"",""Wash Dry Fold Service"",""Drop Off Dry Cleaning""]},""match_score"":387.34546,""match_highlights"":[""laundromat""]}"
89,Fresh Laundry Supercenter JAX,https://freshlaundryjax.com/,"5290 Norwood Ave Ste 3, Jacksonville, Florida, 32208","=""+19046837627""","Clean, bright laundromat featuring card-operated machines plus chairs and vending machines.",true,Fresh Laundry Team,,"{""id"":""20907fe0-1d69-46cb-8d2d-8b984fb5f2aa"",""cursor"":[385.9381,""20907fe0-1d69-46cb-8d2d-8b984fb5f2aa""],""content"":{""city"":""Jacksonville"",""tags"":[""laundromat""],""state"":""Florida"",""staffs"":[{""name"":""Fresh Laundry Team"",""role"":""Management"",""source_urls"":[""http://freshlaundryjax.com/contact""]}],""country"":""US"",""zipcode"":""32208"",""brand_id"":""417cde3f-1119-414d-84a0-42aed137ca74"",""latitude"":30.3720063,""store_id"":""20907fe0-1d69-46cb-8d2d-8b984fb5f2aa"",""longitude"":-81.6650916,""open_date"":null,""place_key"":""3@5290.NORWOOD.@32208.BRENTWOOD.JACKSONVILLE.FLORIDA@@8a44f009956ffff"",""source_id"":""GOOGLE_MAP@ChIJS_Bz42ex5YgRB9EQXJuq1Yg"",""num_stores"":1,""price_tier"":null,""store_name"":""Fresh Laundry Supercenter JAX"",""root_domain"":""freshlaundryjax.com"",""website_url"":""https://freshlaundryjax.com/"",""yelp_rating"":null,""from_sources"":{""GOOGLE_MAP"":{""id"":""ChIJS_Bz42ex5YgRB9EQXJuq1Yg"",""ref_url"":""https://www.google.com/maps/place/?q=place_id:ChIJS_Bz42ex5YgRB9EQXJuq1Yg"",""raw_associated_website"":""https://freshlaundryjax.com/""}},""store_emails"":null,""store_phones"":[""+19046837627""],""business_name"":""Fresh Laundry"",""business_type"":""Laundromat"",""google_rating"":4.1,""ownership_type"":"""",""street_address"":""5290 Norwood Ave Ste 3"",""business_emails"":null,""business_phones"":[""+19046837627""],""order_platforms"":null,""brand_description"":""Fresh Laundry Supercenter laundromat in Jacksonville, Florida focuses on providing a clean, safe, and friendly atmosphere for customers. They offer services such as Wash Dry Fold, Dry Cleaning Drop Off/Pick Up, and Self Service Laundromat."",""business_keywords"":[""laundromat"",""wash dry fold service"",""dry cleaning"",""self service laundromat""],""info_refreshed_at"":""2026-07-05T08:35:19.370241Z"",""store_description"":""Clean, bright laundromat featuring card-operated machines plus chairs and vending machines."",""business_specialty"":""Clean, safe, and friendly atmosphere"",""social_media_links"":{""X"":null,""TIKTOK"":null,""TWITTER"":null,""YOUTUBE"":null,""FACEBOOK"":null,""LINKEDIN"":null,""INSTAGRAM"":null,""PINTEREST"":null},""yelp_reviews_count"":null,""business_categories"":[""HOME_SERVICES_CONTRACTORS""],""google_reviews_count"":218,""product_services_offered"":[""Wash Dry Fold Service"",""Dry Cleaning Drop Off/Pick Up"",""Self Service Laundromat""]},""match_score"":385.9381,""match_highlights"":[""laundromat""]}"
89,Condes Laundromat,https://condes.info/,"3533 W Waters Ave, Tampa, Florida, 33614","=""+18139356679""","Clean space with front-loading washers, large-capacity dryers and helpful service.",true,Eddy M. Conde,,"{""id"":""2ee7dda4-fa4d-47a4-bd25-42ea5d64b3f4"",""cursor"":[384.0209,""2ee7dda4-fa4d-47a4-bd25-42ea5d64b3f4""],""content"":{""city"":""Tampa"",""tags"":[""laundromat""],""state"":""Florida"",""staffs"":null,""country"":""US"",""zipcode"":""33614"",""brand_id"":""f5e97874-c616-4a70-9b93-63a9a3858e43"",""latitude"":28.0257902,""store_id"":""2ee7dda4-fa4d-47a4-bd25-42ea5d64b3f4"",""longitude"":-82.5002133,""open_date"":null,""place_key"":""@3533.WATERS.@33614..TAMPA.FLORIDA@@8a441a123247fff"",""source_id"":""GOOGLE_MAP@ChIJxaS1NTXBwogRL910okivf40"",""num_stores"":1,""price_tier"":null,""store_name"":""Condes Laundromat"",""root_domain"":""condes.info"",""website_url"":""https://condes.info/"",""yelp_rating"":null,""from_sources"":{""GOOGLE_MAP"":{""id"":""ChIJxaS1NTXBwogRL910okivf40"",""ref_url"":""https://www.google.com/maps/place/?q=place_id:ChIJxaS1NTXBwogRL910okivf40"",""raw_associated_website"":""https://condes.info/""}},""store_emails"":null,""store_phones"":[""+18139356679""],""business_name"":""Conde's Laundromat"",""business_type"":""Laundromat"",""google_rating"":4.1,""ownership_type"":""INDEPENDENT"",""street_address"":""3533 W Waters Ave"",""business_emails"":null,""business_phones"":[""+18139356679""],""order_platforms"":null,""brand_description"":""Conde's Laundromat offers self-service laundry with coin operated machines, wash and fold services, and additional amenities like massage chairs and game machines."",""business_keywords"":[""laundry"",""coin operated"",""wash and fold"",""massage chairs"",""game machines""],""info_refreshed_at"":""2026-07-05T08:31:27.788136Z"",""store_description"":""Clean space with front-loading washers, large-capacity dryers and helpful service."",""business_specialty"":""Coin operated machines, wash and fold service, massage chairs, and game machines."",""social_media_links"":{""X"":null,""TIKTOK"":null,""TWITTER"":null,""YOUTUBE"":null,""FACEBOOK"":null,""LINKEDIN"":null,""INSTAGRAM"":null,""PINTEREST"":null},""yelp_reviews_count"":null,""business_categories"":[""GROCERY_CONVENIENCE_STORES""],""google_reviews_count"":125,""product_services_offered"":[""self-service laundry"",""wash and fold service"",""massage chairs"",""game machines""]},""match_score"":384.0209,""match_highlights"":[""laundromat""]}"
89,"Speed Wash&Fold/Dry Cleaner, Drop Off 1.25/lb, Pickup/Delivery 1.55/lb, Same Day Wash&Fold",https://speedwashndry.com/,"4828 Columbia Ave #400, Dallas, Texas, 75226","=""+12148266465""","Friendly laundromat with coin-operated machines providing self-service laundry, wash & fold services, and pickup & delivery options.",true,Steven Porada,,"{""id"":""30714391-75a5-404b-9d06-6646f1ef09ed"",""cursor"":[383.00983,""30714391-75a5-404b-9d06-6646f1ef09ed""],""content"":{""city"":""Dallas"",""tags"":[""laundry service"",""dry cleaner"",""laundromat"",""laundry""],""state"":""Texas"",""staffs"":null,""country"":""US"",""zipcode"":""75226"",""brand_id"":""c0bb902a-073d-47e7-97c0-f0cc565f367b"",""latitude"":32.7945849,""store_id"":""30714391-75a5-404b-9d06-6646f1ef09ed"",""longitude"":-96.7633845,""open_date"":null,""place_key"":""400@4828.COLUMBIA.@75226.OLD_EAST_DALLAS.DALLAS.TEXAS@@8a26cb91470ffff"",""source_id"":""GOOGLE_MAP@ChIJX7OnDbqYToYRcCnoG13Pr_s"",""num_stores"":2,""price_tier"":null,""store_name"":""Speed Wash&Fold/Dry Cleaner, Drop Off 1.25/lb, Pickup/Delivery 1.55/lb, Same Day Wash&Fold"",""root_domain"":""speedwashndry.com"",""website_url"":""https://speedwashndry.com/"",""yelp_rating"":3,""from_sources"":{""YELP"":{""id"":""speed-wash-and-dry-dallas-4"",""name"":""Speed Wash & Dry"",""ref_url"":""https://www.yelp.com/biz/speed-wash-and-dry-dallas-4?osq=Dry+Cleaning"",""raw_associated_website"":""www.speedwashNdry.com""},""GOOGLE_MAP"":{""id"":""ChIJX7OnDbqYToYRcCnoG13Pr_s"",""ref_url"":""https://www.google.com/maps/place/?q=place_id:ChIJX7OnDbqYToYRcCnoG13Pr_s"",""raw_associated_website"":""http://www.speedwashndry.com/""}},""store_emails"":null,""store_phones"":[""+12148266465""],""business_name"":""Speed Wash & Dry Lavanderia"",""business_type"":""Laundry Service"",""google_rating"":4,""ownership_type"":""INDEPENDENT"",""street_address"":""4828 Columbia Ave #400"",""business_emails"":null,""business_phones"":[""+12148266465""],""order_platforms"":null,""brand_description"":""Speed Wash & Dry Lavanderia is a laundry service located in Dallas, Texas, offering affordable wash, dry, and fold services. They provide self-service coin-operated laundry machines, free dryers for customers, and a variety of amenities including snack dispensers, game machines, and full-time attendants. The business specializes in free pickup and delivery services, with same-day service available."",""business_keywords"":[""laundry service"",""wash & fold"",""pickup & delivery"",""self-service laundry"",""coin-operated machines""],""info_refreshed_at"":""2026-07-05T08:33:01.27304Z"",""store_description"":""Friendly laundromat with coin-operated machines providing self-service laundry, wash & fold services, and pickup & delivery options."",""business_specialty"":""Affordable laundry service with free pickup & delivery"",""social_media_links"":{""X"":null,""TIKTOK"":null,""TWITTER"":null,""YOUTUBE"":null,""FACEBOOK"":[""https://www.facebook.com/speedwashndry""],""LINKEDIN"":null,""INSTAGRAM"":null,""PINTEREST"":null},""yelp_reviews_count"":14,""business_categories"":[""OTHER""],""google_reviews_count"":261,""product_services_offered"":[""Wash, Dry & Fold"",""Free Pickup & Delivery Service"",""Self Service Laundry"",""Walk-In Drop-Off Service""]},""match_score"":383.00983,""match_highlights"":[""laundry service"",""laundromat"",""laundry""]}"
100,North Tryon Laundromat,,"6301 N Tryon St #108, Charlotte, North Carolina, 28213","=""+17048076969""","Relaxed and brightly lit laundromat featuring clean facilities, plus card payments and Wi-Fi.",true,David Rebolloso,laundromatsnorthtryon@gmail.com,"{""id"":""ae9757c5-afee-4aa5-aeb8-5641ae6edde5"",""cursor"":[381.85233,""ae9757c5-afee-4aa5-aeb8-5641ae6edde5""],""content"":{""city"":""Charlotte"",""tags"":[""laundromat"",""laundry"",""laundry service""],""state"":""North Carolina"",""staffs"":null,""country"":""US"",""zipcode"":""28213"",""brand_id"":"""",""latitude"":35.2732543,""store_id"":""ae9757c5-afee-4aa5-aeb8-5641ae6edde5"",""longitude"":-80.7681884,""open_date"":null,""place_key"":""108@6301.TRYON.@28213.HIDDEN_VALLEY.CHARLOTTE.NORTH_CAROLINA@@8a44dab09b8ffff"",""source_id"":""GOOGLE_MAP@ChIJSf0FLV8eVIgRKHAZ4eEXjzQ"",""num_stores"":1,""price_tier"":null,""store_name"":""North Tryon Laundromat"",""root_domain"":""facebook.com/northtryonlaundromat"",""website_url"":"""",""yelp_rating"":null,""from_sources"":{""GOOGLE_MAP"":{""id"":""ChIJSf0FLV8eVIgRKHAZ4eEXjzQ"",""ref_url"":""https://www.google.com/maps/place/?q=place_id:ChIJSf0FLV8eVIgRKHAZ4eEXjzQ"",""raw_associated_website"":""https://www.northtryonlaundromats.com/""}},""store_emails"":null,""store_phones"":[""+17048076969""],""business_name"":"""",""business_type"":"""",""google_rating"":4.5,""ownership_type"":"""",""street_address"":""6301 N Tryon St #108"",""business_emails"":null,""business_phones"":null,""order_platforms"":null,""brand_description"":"""",""business_keywords"":null,""info_refreshed_at"":""2026-07-05T08:28:18.037308Z"",""store_description"":""Relaxed and brightly lit laundromat featuring clean facilities, plus card payments and Wi-Fi."",""business_specialty"":"""",""social_media_links"":{""X"":null,""TIKTOK"":null,""TWITTER"":null,""YOUTUBE"":null,""FACEBOOK"":null,""LINKEDIN"":null,""INSTAGRAM"":null,""PINTEREST"":null},""yelp_reviews_count"":null,""business_categories"":null,""google_reviews_count"":162,""product_services_offered"":null},""match_score"":381.85233,""match_highlights"":[""laundromat"",""laundry"",""laundry service""]}"
100,J&J Wash and Dry,http://jjwashdry.com/,"11306 Lyndon B Johnson Fwy #150, Dallas, Texas, 75238","=""+12145030200""","Kids' play area (including Netflix), plus kind service in clean surroundings. Massage chairs. Washers and dryers, some new, and friendly staff, plus vending machines.",true,Alexander Derriest,jjwashdry@jjwashdry.com,"{""id"":""f18f5d6e-8041-467f-a68a-f9896ddfd482"",""cursor"":[379.694,""f18f5d6e-8041-467f-a68a-f9896ddfd482""],""content"":{""city"":""Dallas"",""tags"":[""laundromat""],""state"":""Texas"",""staffs"":null,""country"":""US"",""zipcode"":""75238"",""brand_id"":""52e03c71-393b-4391-abf6-742acc131b4b"",""latitude"":32.8764158,""store_id"":""f18f5d6e-8041-467f-a68a-f9896ddfd482"",""longitude"":-96.68649429999999,""open_date"":null,""place_key"":""150@11306.LYNDON_B_JOHNSON.@75238.HIGHLAND_MEADOWS.DALLAS.TEXAS@@8a26c8299c97fff"",""source_id"":""GOOGLE_MAP@ChIJG6Kz6uqgToYRLQVZY9ryJKk"",""num_stores"":1,""price_tier"":null,""store_name"":""J&J Wash and Dry"",""root_domain"":""jjwashdry.com"",""website_url"":""http://jjwashdry.com/"",""yelp_rating"":null,""from_sources"":{""GOOGLE_MAP"":{""id"":""ChIJG6Kz6uqgToYRLQVZY9ryJKk"",""ref_url"":""https://www.google.com/maps/place/?q=place_id:ChIJG6Kz6uqgToYRLQVZY9ryJKk"",""raw_associated_website"":""http://www.jjwashdry.com/""}},""store_emails"":null,""store_phones"":[""+12145030200""],""business_name"":""J&J Wash and Dry Laundromat and Laundry Service"",""business_type"":""Laundromat and Laundry Service"",""google_rating"":4.6,""ownership_type"":"""",""street_address"":""11306 Lyndon B Johnson Fwy #150"",""business_emails"":[""jjwashdry@jjwashdry.com""],""business_phones"":[""+12145030200""],""order_platforms"":null,""brand_description"":""J&J Wash and Dry Laundromat and Laundry Service is a modern and customer-friendly laundry business located in Dallas. They offer self-service or bundle service wash dry fold options, along with drop-off laundry service. The facility is equipped with modern design, massage chairs, and a kids area, ensuring a clean, safe, and friendly environment for customers."",""business_keywords"":[""Laundromat"",""Laundry Service"",""Wash-Dry-Fold"",""Drop Off Laundry Service"",""Clean"",""Safe"",""Friendly""],""info_refreshed_at"":""2026-07-05T08:32:34.520642Z"",""store_description"":""Kids' play area (including Netflix), plus kind service in clean surroundings. Massage chairs. Washers and dryers, some new, and friendly staff, plus vending machines."",""business_specialty"":""Self-Service or Bundle Service Wash Dry Fold"",""social_media_links"":{""X"":null,""TIKTOK"":null,""TWITTER"":null,""YOUTUBE"":null,""FACEBOOK"":[""http://www.facebook.com/JJwashdry""],""LINKEDIN"":null,""INSTAGRAM"":null,""PINTEREST"":null},""yelp_reviews_count"":null,""business_categories"":[""GROCERY_CONVENIENCE_STORES""],""google_reviews_count"":272,""product_services_offered"":[""Self-Service Laundry"",""Bundle Service Wash Dry Fold"",""Drop Off Laundry Service""]},""match_score"":379.694,""match_highlights"":[""laundromat""]}"
100,North Tryon 2 Laundromat,,"4554 N Tryon St, Charlotte, North Carolina, 28213","=""+17048076969""",,true,David Rebolloso,david@cleanhealth.ngo,"{""id"":""6508964c-89cf-4962-bf64-65b772f9c87b"",""cursor"":[377.69174,""6508964c-89cf-4962-bf64-65b772f9c87b""],""content"":{""city"":""Charlotte"",""tags"":[""laundromat"",""laundry service""],""state"":""North Carolina"",""staffs"":null,""country"":""US"",""zipcode"":""28213"",""brand_id"":"""",""latitude"":35.2579254,""store_id"":""6508964c-89cf-4962-bf64-65b772f9c87b"",""longitude"":-80.7892038,""open_date"":""2025-05-23T15:57:00.698Z"",""place_key"":""@4554.TRYON.@28213.EASTWAY.CHARLOTTE.NORTH_CAROLINA@@8a44dab76607fff"",""source_id"":""GOOGLE_MAP@ChIJu9wio2QfVIgRTOBVtHDXDik"",""num_stores"":1,""price_tier"":null,""store_name"":""North Tryon 2 Laundromat"",""root_domain"":""facebook.com/northtryonlaundromat"",""website_url"":"""",""yelp_rating"":null,""from_sources"":{""GOOGLE_MAP"":{""id"":""ChIJu9wio2QfVIgRTOBVtHDXDik"",""name"":""North Tryon 2 Laundromat"",""ref_url"":""https://www.google.com/maps/place/?q=place_id:ChIJu9wio2QfVIgRTOBVtHDXDik"",""raw_associated_website"":""https://northtryonlaundromats.com/""}},""store_emails"":null,""store_phones"":[""+17048076969""],""business_name"":"""",""business_type"":"""",""google_rating"":4.6,""ownership_type"":"""",""street_address"":""4554 N Tryon St"",""business_emails"":null,""business_phones"":null,""order_platforms"":null,""brand_description"":"""",""business_keywords"":null,""info_refreshed_at"":""2026-07-05T08:28:18.03726Z"",""store_description"":null,""business_specialty"":"""",""social_media_links"":{""X"":null,""TIKTOK"":null,""TWITTER"":null,""YOUTUBE"":null,""FACEBOOK"":null,""LINKEDIN"":null,""INSTAGRAM"":null,""PINTEREST"":null},""yelp_reviews_count"":null,""business_categories"":null,""google_reviews_count"":69,""product_services_offered"":null},""match_score"":377.69174,""match_highlights"":[""laundromat"",""laundry service""]}"
100,Royal Clean Laundromat,https://royalcleanlaundromat.com/,"4925 W Market St, Greensboro, North Carolina, 27407","=""+13368633658""","Royal Clean Laundromat is a family-owned full-service laundromat in Greensboro, NC, offering self-service, drop-off, pickup & delivery, and commercial laundry services with a focus on customer service and community roots.",true,Aaron Harris,support@royalcleanlaundry.com,"{""id"":""ac81c331-2e37-4566-ace8-0209e2e13697"",""cursor"":[377.15955,""ac81c331-2e37-4566-ace8-0209e2e13697""],""content"":{""city"":""Greensboro"",""tags"":[""laundry service"",""delivery service"",""dry cleaner"",""laundromat"",""laundry""],""state"":""North Carolina"",""staffs"":null,""country"":""US"",""zipcode"":""27407"",""brand_id"":""4f6a374c-787a-4330-b121-9093c8a8944b"",""latitude"":36.0678933,""store_id"":""ac81c331-2e37-4566-ace8-0209e2e13697"",""longitude"":-79.87350789999999,""open_date"":null,""place_key"":""@[4925].[MARKET].[GREENSBORO].[NC]@8A2A8B0996E7FFF"",""source_id"":""GOOGLE_MAP@ChIJFe07fTUbU4gRlFR84WW80Z0"",""num_stores"":3,""price_tier"":null,""store_name"":""Royal Clean Laundromat"",""root_domain"":""royalcleanlaundromat.com"",""website_url"":""https://royalcleanlaundromat.com/"",""yelp_rating"":null,""from_sources"":{""GOOGLE_MAP"":{""id"":""ChIJFe07fTUbU4gRlFR84WW80Z0"",""ref_url"":""https://www.google.com/maps/place/?q=place_id:ChIJFe07fTUbU4gRlFR84WW80Z0"",""raw_associated_website"":""https://royalcleanlaundromat.com/""}},""store_emails"":null,""store_phones"":[""+13368633658""],""business_name"":""Royal Clean Laundromat"",""business_type"":""Full-Service Laundromat"",""google_rating"":4.9,""ownership_type"":""FAMILY"",""street_address"":""4925 W Market St"",""business_emails"":[""support@royalcleanlaundry.com""],""business_phones"":[""+13368633658""],""order_platforms"":[{""id"":""7402d1cb-51ad-407b-b296-205d063e8dd7"",""platform_name"":""trycents.com"",""platform_ident"":""trycents.com"",""store_source_id"":""GOOGLE_MAP@ChIJFe07fTUbU4gRlFR84WW80Z0"",""order_platform_link"":""https://app.trycents.com/new-order/OXlx/home?hl=en-NZ&gei=ktsLZ97fGZWk0-kP9-6DoA0&rwg_token=AJKvS9VX8Hr5flJzFVxDzA6DKFCOgEU1FxCKlix3_eIJLWSCn4TWa-jSMu9ThWv3gxXMhhk-2X3w8pO8GHoyNojsl6rYdxYivQ%3D%3D""}],""brand_description"":""Royal Clean Laundromat is a family-owned full-service laundromat in Greensboro, NC, offering self-service, drop-off, pickup & delivery, and commercial laundry services with a focus on customer service and community roots."",""business_keywords"":[""laundry"",""wash and fold"",""self service laundry"",""pickup and delivery"",""commercial laundry"",""uniform cleaning"",""towel service"",""laundromat"",""drop off laundry"",""laundry bags""],""info_refreshed_at"":""2024-11-10T00:00:00Z"",""store_description"":null,""business_specialty"":""Family-owned with full-service laundry options including self-service, drop-off wash & fold, pickup & delivery, and commercial laundry services"",""social_media_links"":{""X"":null,""TIKTOK"":null,""TWITTER"":null,""YOUTUBE"":null,""FACEBOOK"":null,""LINKEDIN"":null,""INSTAGRAM"":[""https://www.instagram.com/royalcleanlaundromat""],""PINTEREST"":null},""yelp_reviews_count"":null,""business_categories"":[""HOME_SERVICES_CONTRACTORS""],""google_reviews_count"":533,""product_services_offered"":[""Self Service Laundry with 80+ washers and dryers"",""Drop Off Wash & Fold laundry service"",""Pickup & Delivery laundry service"",""Commercial Laundry for uniforms, sheets, towels, comforters"",""Emergency laundry services"",""Laundry services for Airbnb, VRBO, HomeAway"",""Laundry for restaurants, bars, spas, salons, medical offices, universities, equine services"",""Towel service"",""Free laundry bag with first pickup order"",""Discounts for first-time wash and fold customers""]},""match_score"":377.15955,""match_highlights"":[""laundry service"",""laundromat"",""laundry""]}"
100,SuperSuds Laundromat,https://www.supersudslaundries.com/,"5130 Hull Street Rd, Richmond, Virginia, 23224","=""+18042337401""","SuperSuds Laundromats is a chain of laundromats established in 1996, with over 30 locations across Delaware, Maryland, Pennsylvania, Virginia, and West Virginia. They offer 24/7 self-service laundry facilities, wash and fold services, curbside drop-off laundry service, and commercial laundry services. SuperSuds prides itself on creating a unique customer service experience and making a positive impact on the communities they serve.",true,Robert Schwartz,bob@supersudslaundries.com,"{""id"":""0682ff81-2873-4415-889f-88713976fe28"",""cursor"":[373.78412,""0682ff81-2873-4415-889f-88713976fe28""],""content"":{""city"":""Richmond"",""tags"":[""laundromat"",""laundry"",""laundry service""],""state"":""Virginia"",""staffs"":null,""country"":""US"",""zipcode"":""23224"",""brand_id"":""5a60abf9-ab83-432b-bbc5-d73718bd7ee1"",""latitude"":37.4935815,""store_id"":""0682ff81-2873-4415-889f-88713976fe28"",""longitude"":-77.4887329,""open_date"":null,""place_key"":""@5130.HULL_STREET.@23224.WOODHAVEN.RICHMOND.VIRGINIA@@8a2a8d98e807fff"",""source_id"":""GOOGLE_MAP@ChIJafT2KBISsYkRzXh4hQSSrlE"",""num_stores"":22,""price_tier"":null,""store_name"":""SuperSuds Laundromat"",""root_domain"":""supersudslaundries.com"",""website_url"":""https://www.supersudslaundries.com/"",""yelp_rating"":null,""from_sources"":{""GOOGLE_MAP"":{""id"":""ChIJafT2KBISsYkRzXh4hQSSrlE"",""ref_url"":""https://www.google.com/maps/place/?q=place_id:ChIJafT2KBISsYkRzXh4hQSSrlE"",""raw_associated_website"":""https://www.supersudslaundries.com/richmond-laundromat/""}},""store_emails"":null,""store_phones"":[""+18042337401""],""business_name"":""SuperSuds Laundromats"",""business_type"":""Laundromat"",""google_rating"":4.1,""ownership_type"":""CHAIN"",""street_address"":""5130 Hull Street Rd"",""business_emails"":null,""business_phones"":[""+15407527190"",""+18009949274""],""order_platforms"":null,""brand_description"":""SuperSuds Laundromats is a chain of laundromats established in 1996, with over 30 locations across Delaware, Maryland, Pennsylvania, Virginia, and West Virginia. They offer 24/7 self-service laundry facilities, wash and fold services, curbside drop-off laundry service, and commercial laundry services. SuperSuds prides itself on creating a unique customer service experience and making a positive impact on the communities they serve."",""business_keywords"":[""laundromat"",""self-service"",""wash and fold"",""24/7"",""community impact""],""info_refreshed_at"":""2026-07-05T08:28:28.173431Z"",""store_description"":null,""business_specialty"":""24/7 self-service laundry with wash and fold service"",""social_media_links"":{""X"":null,""TIKTOK"":null,""TWITTER"":[""https://twitter.com/SuperSudsHero""],""YOUTUBE"":null,""FACEBOOK"":[""https://www.facebook.com/SuperSudsLaundryHero""],""LINKEDIN"":null,""INSTAGRAM"":[""https://www.instagram.com/supersudslaundries/""],""PINTEREST"":null},""yelp_reviews_count"":null,""business_categories"":[""SHOPPING_RETAIL""],""google_reviews_count"":362,""product_services_offered"":[""24/7 self-service laundry"",""Wash and fold service"",""Curbside drop-off laundry service"",""Commercial laundry service"",""Card-operated locations""]},""match_score"":373.78412,""match_highlights"":[""laundromat"",""laundry"",""laundry service""]}"
100,NoScrubs Laundry Delivery,https://noscrubs.com/,"142 NW 37th St, Miami, Florida, 33127","=""+17373217722""","NoScrubs is a laundry delivery service that offers wash and fold laundry pickup and same-day delivery. They serve individuals, families, and businesses, providing flexible scheduling, affordable pricing, and expert care. The service is available in multiple cities including Austin, Dallas-Fort Worth, Houston, Miami, Phoenix, Bay Area, and Los Angeles.",true,Matt O'Connor,matt@noscrubs.com,"{""id"":""bacbd284-5e26-4cfd-bf08-4f076cd28c40"",""cursor"":[372.8703,""bacbd284-5e26-4cfd-bf08-4f076cd28c40""],""content"":{""city"":""Miami"",""tags"":[""laundry service"",""laundry""],""state"":""Florida"",""staffs"":null,""country"":""US"",""zipcode"":""33127"",""brand_id"":""2bc728ba-6532-40fd-a60c-3142a72552dc"",""latitude"":25.810917,""store_id"":""bacbd284-5e26-4cfd-bf08-4f076cd28c40"",""longitude"":-80.198353,""open_date"":""2026-01-22T15:44:53.377Z"",""place_key"":""@142.37TH.@33127.WYNWOOD.MIAMI.FLORIDA@@8a44a1172ce7fff"",""source_id"":""GOOGLE_MAP@ChIJ95aCS8ix2YgRrMxONE_wvuU"",""num_stores"":5,""price_tier"":null,""store_name"":""NoScrubs Laundry Delivery"",""root_domain"":""noscrubs.com"",""website_url"":""https://noscrubs.com/"",""yelp_rating"":null,""from_sources"":{""GOOGLE_MAP"":{""id"":""ChIJ95aCS8ix2YgRrMxONE_wvuU"",""name"":""NoScrubs Laundry Delivery"",""ref_url"":""https://www.google.com/maps/place/?q=place_id:ChIJ95aCS8ix2YgRrMxONE_wvuU"",""raw_associated_website"":""https://noscrubs.com/""}},""store_emails"":null,""store_phones"":[""+17373217722""],""business_name"":""NoScrubs"",""business_type"":""Laundry Delivery Service"",""google_rating"":4.7,""ownership_type"":"""",""street_address"":""142 NW 37th St"",""business_emails"":null,""business_phones"":null,""order_platforms"":null,""brand_description"":""NoScrubs is a laundry delivery service that offers wash and fold laundry pickup and same-day delivery. They serve individuals, families, and businesses, providing flexible scheduling, affordable pricing, and expert care. The service is available in multiple cities including Austin, Dallas-Fort Worth, Houston, Miami, Phoenix, Bay Area, and Los Angeles."",""business_keywords"":[""Wash and Fold Laundry Delivery Service"",""Laundry Pickup and Delivery"",""Same-day Laundry Service"",""Laundry App"",""Laundry Service for Busy Professionals"",""Laundry Service for Families"",""Laundry Service for Businesses"",""Laundry Service in Austin"",""Laundry Service in Dallas-Fort Worth"",""Laundry Service in Houston"",""Laundry Service in Miami"",""Laundry Service in Phoenix"",""Laundry Service in Bay Area"",""Laundry Service in Los Angeles""],""info_refreshed_at"":""2026-07-05T08:33:19.051315Z"",""store_description"":null,""business_specialty"":""Wash and fold laundry delivery service with same-day pickup and delivery, catering to individuals, families, and businesses, offering flexible scheduling and expert care."",""social_media_links"":{""X"":null,""TIKTOK"":[""https://www.tiktok.com/@noscrubs_laundry""],""TWITTER"":null,""YOUTUBE"":null,""FACEBOOK"":null,""LINKEDIN"":null,""INSTAGRAM"":[""https://www.instagram.com/noscrubslaundry/""],""PINTEREST"":null},""yelp_reviews_count"":null,""business_categories"":null,""google_reviews_count"":19,""product_services_offered"":[""Wash and fold laundry"",""Same-day laundry pickup and delivery"",""Laundry scheduling via app or online"",""Flexible laundry plans for individuals and families"",""Business laundry services for Airbnb, salons, gyms"",""Special requests for laundry handling"",""Affordable laundry pricing"",""Laundry pickup in multiple cities"",""Neatly folded clothes"",""Laundry handling by experts""]},""match_score"":372.8703,""match_highlights"":[""laundry service"",""laundry""]}"
